nrp,name,position,pos,branchCode,photoUrl,entryDate,dateOfBirth,havCategory,havScore,havRaw,kpiMidYear,kpiFullYear,pk2025,pk2024,pk2023,developmentProgramStatus
UAT0001,Test Employee 1,Branch Manager,POS-2,T000,https://i.pravatar.cc/150?u=UAT0001,2014-06-15,1972-01-15,Candidate,3.0,B,B,C,,0.59,,,,Not Started
UAT0002,Test Employee 2,Sales Executive,POS-4,T700,https://i.pravatar.cc/150?u=UAT0002,2013-01-15,1978-08-15,Career Person,3.1,B,B,C,,0.62,C+,B,B+,Not Started
UAT0003,Test Employee 3,Mechanic,POS-3,T000,https://i.pravatar.cc/150?u=UAT0003,2012-06-15,1987-07-15,Potential Candidate,4.7,B,B,C,,0.94,,,,Ongoing
UAT0004,Test Employee 4,Administration,POS-2,T471,https://i.pravatar.cc/150?u=UAT0004,2019-01-15,1991-06-15,Unfit Employee,2.7,B,B,C,,0.54,K,B,B+,Completed
UAT0005,Test Employee 5,Mechanic,POS-3,T207,https://i.pravatar.cc/150?u=UAT0005,2017-09-15,1977-09-15,,3.0,B,B,C,,0.61,B+,B,B+,Completed
UAT0006,Test Employee 6,Administration,POS-1,T471,https://i.pravatar.cc/150?u=UAT0006,2011-09-15,1980-08-15,Strong Performer,4.9,B,B,C,,0.98,BS,B,B+,Completed
UAT0007,Test Employee 7,Branch Manager,POS-4,T700,https://i.pravatar.cc/150?u=UAT0007,2010-02-15,1991-09-15,Candidate,3.7,B,B,C,,0.74,B+,B,B+,Completed
UAT0008,Test Employee 8,Mechanic,POS-5,T471,https://i.pravatar.cc/150?u=UAT0008,2013-07-15,1984-04-15,Career Person,3.4,B,B,C,,0.67,C+,B,B+,Not Started
UAT0009,Test Employee 9,Administration,POS-3,T000,https://i.pravatar.cc/150?u=UAT0009,2017-07-15,1973-07-15,Potential Candidate,3.4,B,B,C,,0.67,B+,B,B+,Completed
UAT0010,Test Employee 10,Sales Executive,POS-4,T700,https://i.pravatar.cc/150?u=UAT0010,2016-07-15,1981-08-15,Unfit Employee,2.1,B,B,C,,0.42,C,B,B+,Completed
UAT0011,Test Employee 11,Service Advisor,POS-4,T207,https://i.pravatar.cc/150?u=UAT0011,2014-05-15,1992-08-15,,3.0,B,B,C,,0.59,BS,B,B+,Completed
UAT0012,Test Employee 12,Administration,POS-2,T207,https://i.pravatar.cc/150?u=UAT0012,2018-01-15,1972-04-15,Strong Performer,4.7,B,B,C,,0.94,BS,B,B+,Completed
UAT0013,Test Employee 13,Branch Manager,POS-4,T207,https://i.pravatar.cc/150?u=UAT0013,2015-05-15,1975-02-15,Candidate,3.1,B,B,C,,0.62,C+,B,B+,Ongoing
UAT0014,Test Employee 14,Mechanic,POS-4,T700,https://i.pravatar.cc/150?u=UAT0014,2011-05-15,1995-08-15,Career Person,4.5,B,B,C,,0.90,BS,B,B+,Not Started
UAT0015,Test Employee 15,Service Advisor,POS-4,T700,https://i.pravatar.cc/150?u=UAT0015,2019-06-15,1993-09-15,Potential Candidate,3.5,B,B,C,,0.71,BS,B,B+,
UAT0016,Test Employee 16,Branch Manager,POS-3,T471,https://i.pravatar.cc/150?u=UAT0016,2017-08-15,1984-07-15,Unfit Employee,2.0,B,B,C,,0.40,B+,B,B+,
UAT0017,Test Employee 17,Service Advisor,POS-4,T207,https://i.pravatar.cc/150?u=UAT0017,2010-03-15,1972-05-15,,4.5,B,B,C,,0.90,C+,B,B+,
UAT0018,Test Employee 18,Sales Executive,POS-4,T000,https://i.pravatar.cc/150?u=UAT0018,2018-01-15,1997-07-15,Strong Performer,5.0,B,B,C,,0.99,B+,B,B+,Completed
UAT0019,Test Employee 19,Service Advisor,POS-3,T700,https://i.pravatar.cc/150?u=UAT0019,2011-01-15,1985-01-15,Candidate,3.0,B,B,C,,0.59,C+,B,B+,Not Started
UAT0020,Test Employee 20,Branch Manager,POS-1,T207,https://i.pravatar.cc/150?u=UAT0020,2017-03-15,1992-04-15,Career Person,,B,B,C,,,K,B,B+,Completed
UAT0021,Test Employee 21,Administration,POS-2,T207,https://i.pravatar.cc/150?u=UAT0021,2013-05-15,1975-09-15,Potential Candidate,3.1,B,B,C,,0.62,,,,
UAT0022,Test Employee 22,Administration,POS-5,T207,https://i.pravatar.cc/150?u=UAT0022,2013-04-15,1972-07-15,Unfit Employee,2.4,B,B,C,,0.47,C,B,B+,Ongoing
UAT0023,Test Employee 23,Sales Executive,POS-4,T207,https://i.pravatar.cc/150?u=UAT0023,2014-03-15,1985-08-15,,2.5,B,B,C,,0.50,K,B,B+,Ongoing
UAT0024,Test Employee 24,Sales Executive,POS-5,T700,https://i.pravatar.cc/150?u=UAT0024,2014-03-15,1998-01-15,Strong Performer,4.9,B,B,C,,0.98,BS,B,B+,Completed
UAT0025,Test Employee 25,Administration,POS-3,T207,,2016-08-15,1987-03-15,Candidate,3.5,B,B,C,,0.71,,,,Ongoing
UAT0026,Test Employee 26,Sales Executive,POS-3,T700,https://i.pravatar.cc/150?u=UAT0026,2016-06-15,1998-09-15,Career Person,3.5,B,B,C,,0.69,C,B,B+,Completed
UAT0027,Test Employee 27,Service Advisor,POS-3,T207,https://i.pravatar.cc/150?u=UAT0027,2018-07-15,1972-09-15,Potential Candidate,2.6,B,B,C,,0.53,BS,B,B+,Completed
UAT0028,Test Employee 28,Mechanic,POS-5,T207,https://i.pravatar.cc/150?u=UAT0028,2017-02-15,1972-01-15,Unfit Employee,3.0,B,B,C,,0.59,B+,B,B+,Ongoing
UAT0029,Test Employee 29,Service Advisor,POS-4,T000,https://i.pravatar.cc/150?u=UAT0029,2019-04-15,1984-09-15,,4.0,B,B,C,,0.79,C,B,B+,Not Started
UAT0030,Test Employee 30,Service Advisor,POS-4,T000,https://i.pravatar.cc/150?u=UAT0030,2013-04-15,1990-09-15,Strong Performer,4.8,B,B,C,,0.96,BS,B,B+,
UAT0031,Test Employee 31,Sales Executive,POS-1,T471,https://i.pravatar.cc/150?u=UAT0031,2019-04-15,1989-06-15,Candidate,2.9,B,B,C,,0.58,B+,B,B+,Completed
UAT0032,Test Employee 32,Mechanic,POS-5,T000,https://i.pravatar.cc/150?u=UAT0032,2018-01-15,1988-09-15,Career Person,4.3,B,B,C,,0.86,BS,B,B+,Not Started
UAT0033,Test Employee 33,Administration,POS-2,T207,https://i.pravatar.cc/150?u=UAT0033,2014-09-15,1971-08-15,Potential Candidate,4.8,B,B,C,,0.95,C+,B,B+,Not Started
UAT0034,Test Employee 34,Administration,POS-3,T000,https://i.pravatar.cc/150?u=UAT0034,2015-03-15,1984-02-15,Unfit Employee,2.1,B,B,C,,0.42,,,,
UAT0035,Test Employee 35,Service Advisor,POS-4,T471,https://i.pravatar.cc/150?u=UAT0035,2018-06-15,1994-07-15,,2.5,B,B,C,,0.51,,,,Not Started
UAT0036,Test Employee 36,Sales Executive,POS-2,T700,https://i.pravatar.cc/150?u=UAT0036,2013-02-15,1987-08-15,Strong Performer,4.7,B,B,C,,0.93,BS,B,B+,Ongoing
UAT0037,Test Employee 37,Service Advisor,POS-1,T000,https://i.pravatar.cc/150?u=UAT0037,2011-09-15,1991-08-15,Candidate,3.9,B,B,C,,0.77,B+,B,B+,Ongoing
UAT0038,Test Employee 38,Branch Manager,POS-1,T207,https://i.pravatar.cc/150?u=UAT0038,2018-09-15,1982-05-15,Career Person,4.0,B,B,C,,0.79,BS,B,B+,Not Started
UAT0039,Test Employee 39,Service Advisor,POS-1,T207,https://i.pravatar.cc/150?u=UAT0039,2014-06-15,1983-01-15,Potential Candidate,3.8,B,B,C,,0.76,B+,B,B+,
UAT0040,Test Employee 40,Branch Manager,POS-5,T000,https://i.pravatar.cc/150?u=UAT0040,2014-06-15,1981-03-15,Unfit Employee,3.0,B,B,C,,0.59,BS,B,B+,Completed
UAT0041,Test Employee 41,Branch Manager,POS-1,T700,https://i.pravatar.cc/150?u=UAT0041,2019-04-15,1976-04-15,,2.8,B,B,C,,0.56,BS,B,B+,Not Started
UAT0042,Test Employee 42,Branch Manager,POS-3,T207,https://i.pravatar.cc/150?u=UAT0042,2016-04-15,1982-06-15,Strong Performer,4.5,B,B,C,,0.91,BS,B,B+,Completed
UAT0043,Test Employee 43,Branch Manager,POS-3,T000,https://i.pravatar.cc/150?u=UAT0043,2010-02-15,1976-08-15,Candidate,4.0,B,B,C,,0.81,B+,B,B+,Completed
UAT0044,Test Employee 44,Service Advisor,POS-4,T471,https://i.pravatar.cc/150?u=UAT0044,2017-01-15,1971-06-15,Career Person,3.0,B,B,C,,0.59,C,B,B+,Ongoing
UAT0045,Test Employee 45,Sales Executive,POS-3,T700,https://i.pravatar.cc/150?u=UAT0045,2017-04-15,1975-04-15,Potential Candidate,2.8,B,B,C,,0.56,,,,
UAT0046,Test Employee 46,Service Advisor,POS-4,T207,https://i.pravatar.cc/150?u=UAT0046,2017-01-15,1974-02-15,Unfit Employee,2.6,B,B,C,,0.53,,,,Completed
UAT0047,Test Employee 47,Administration,POS-4,T700,https://i.pravatar.cc/150?u=UAT0047,2012-05-15,1972-08-15,,3.0,B,B,C,,0.61,B,B,B+,Completed
UAT0048,Test Employee 48,Administration,POS-1,T000,https://i.pravatar.cc/150?u=UAT0048,2010-02-15,1977-06-15,Strong Performer,4.5,B,B,C,,0.90,BS,B,B+,Not Started
UAT0049,Test Employee 49,Branch Manager,POS-5,T700,https://i.pravatar.cc/150?u=UAT0049,2017-03-15,1996-07-15,Candidate,4.7,B,B,C,,0.94,,,,Completed
UAT0050,Test Employee 50,Sales Executive,POS-4,T700,,2016-01-15,1989-06-15,Career Person,4.3,B,B,C,,0.87,,,,Completed
UAT0051,Test Employee 51,Administration,POS-5,T700,https://i.pravatar.cc/150?u=UAT0051,2015-08-15,1994-03-15,Potential Candidate,4.2,B,B,C,,0.83,BS,B,B+,Ongoing
UAT0052,Test Employee 52,Mechanic,POS-1,T700,https://i.pravatar.cc/150?u=UAT0052,2016-02-15,1974-06-15,Unfit Employee,2.5,B,B,C,,0.50,K,B,B+,Ongoing
UAT0053,Test Employee 53,Mechanic,POS-2,T700,https://i.pravatar.cc/150?u=UAT0053,2018-06-15,1996-05-15,,4.5,B,B,C,,0.90,,,,Ongoing
UAT0054,Test Employee 54,Administration,POS-3,T700,https://i.pravatar.cc/150?u=UAT0054,2019-08-15,1976-04-15,Strong Performer,4.5,B,B,C,,0.91,B+,B,B+,Completed
UAT0055,Test Employee 55,Mechanic,POS-2,T471,https://i.pravatar.cc/150?u=UAT0055,2013-05-15,1984-09-15,Candidate,3.3,B,B,C,,0.66,BS,B,B+,Completed
UAT0056,Test Employee 56,Branch Manager,POS-5,T207,https://i.pravatar.cc/150?u=UAT0056,2010-03-15,1976-02-15,Career Person,2.7,B,B,C,,0.54,B,B,B+,Ongoing
UAT0057,Test Employee 57,Service Advisor,POS-5,T471,https://i.pravatar.cc/150?u=UAT0057,2015-02-15,1991-09-15,Potential Candidate,3.3,B,B,C,,0.65,C+,B,B+,Ongoing
UAT0058,Test Employee 58,Sales Executive,POS-1,T207,https://i.pravatar.cc/150?u=UAT0058,2016-02-15,1981-09-15,Unfit Employee,2.1,B,B,C,,0.43,BS,B,B+,
UAT0059,Test Employee 59,Service Advisor,POS-1,T471,https://i.pravatar.cc/150?u=UAT0059,2018-07-15,1979-08-15,,4.8,B,B,C,,0.95,K,B,B+,
UAT0060,Test Employee 60,Administration,POS-2,T207,https://i.pravatar.cc/150?u=UAT0060,2018-05-15,1973-07-15,Strong Performer,4.6,B,B,C,,0.92,B+,B,B+,
UAT0061,Test Employee 61,Branch Manager,POS-3,T207,https://i.pravatar.cc/150?u=UAT0061,2014-01-15,1984-05-15,Candidate,3.9,B,B,C,,0.78,BS,B,B+,Not Started
UAT0062,Test Employee 62,Mechanic,POS-4,T471,https://i.pravatar.cc/150?u=UAT0062,2010-08-15,1980-09-15,Career Person,2.7,B,B,C,,0.54,C+,B,B+,Not Started
UAT0063,Test Employee 63,Sales Executive,POS-1,T000,https://i.pravatar.cc/150?u=UAT0063,2014-01-15,1992-02-15,Potential Candidate,2.7,B,B,C,,0.54,C,B,B+,
UAT0064,Test Employee 64,Service Advisor,POS-2,T000,https://i.pravatar.cc/150?u=UAT0064,2013-09-15,1991-04-15,Unfit Employee,2.8,B,B,C,,0.56,BS,B,B+,
UAT0065,Test Employee 65,Mechanic,POS-1,T000,https://i.pravatar.cc/150?u=UAT0065,2016-06-15,1999-08-15,,3.0,B,B,C,,0.61,K,B,B+,Ongoing
UAT0066,Test Employee 66,Administration,POS-2,T000,https://i.pravatar.cc/150?u=UAT0066,2013-02-15,1984-04-15,Strong Performer,5.0,B,B,C,,1.00,B+,B,B+,Completed
UAT0067,Test Employee 67,Administration,POS-2,T471,https://i.pravatar.cc/150?u=UAT0067,2016-08-15,1971-01-15,Candidate,2.5,B,B,C,,0.50,B+,B,B+,
UAT0068,Test Employee 68,Service Advisor,POS-4,T471,https://i.pravatar.cc/150?u=UAT0068,2017-03-15,1975-07-15,Career Person,3.4,B,B,C,,0.68,B+,B,B+,
UAT0069,Test Employee 69,Service Advisor,POS-4,T700,https://i.pravatar.cc/150?u=UAT0069,2010-06-15,1971-01-15,Potential Candidate,2.8,B,B,C,,0.56,,,,Completed
UAT0070,Test Employee 70,Administration,POS-5,T207,https://i.pravatar.cc/150?u=UAT0070,2016-02-15,1994-06-15,Unfit Employee,2.5,B,B,C,,0.49,BS,B,B+,
UAT0071,Test Employee 71,Mechanic,POS-5,T207,https://i.pravatar.cc/150?u=UAT0071,2010-02-15,1979-01-15,,3.0,B,B,C,,0.60,B+,B,B+,Ongoing
UAT0072,Test Employee 72,Sales Executive,POS-5,T700,https://i.pravatar.cc/150?u=UAT0072,2015-04-15,1986-03-15,Strong Performer,4.8,B,B,C,,0.95,BS,B,B+,
UAT0073,Test Employee 73,Service Advisor,POS-3,T471,https://i.pravatar.cc/150?u=UAT0073,2013-06-15,1999-05-15,Candidate,3.5,B,B,C,,0.71,K,B,B+,
UAT0074,Test Employee 74,Sales Executive,POS-5,T207,https://i.pravatar.cc/150?u=UAT0074,2016-05-15,1992-02-15,Career Person,2.9,B,B,C,,0.57,B,B,B+,
UAT0075,Test Employee 75,Sales Executive,POS-5,T000,,2011-04-15,1987-09-15,Potential Candidate,4.6,B,B,C,,0.92,C+,B,B+,
UAT0076,Test Employee 76,Service Advisor,POS-1,T471,https://i.pravatar.cc/150?u=UAT0076,2018-07-15,1975-09-15,Unfit Employee,2.9,B,B,C,,0.57,,,,
UAT0077,Test Employee 77,Service Advisor,POS-2,T471,https://i.pravatar.cc/150?u=UAT0077,2012-07-15,1985-08-15,,4.7,B,B,C,,0.94,B,B,B+,Not Started
UAT0078,Test Employee 78,Service Advisor,POS-3,T000,https://i.pravatar.cc/150?u=UAT0078,2018-03-15,1978-04-15,Strong Performer,4.7,B,B,C,,0.93,BS,B,B+,Not Started
UAT0079,Test Employee 79,Sales Executive,POS-2,T000,https://i.pravatar.cc/150?u=UAT0079,2019-01-15,1983-06-15,Candidate,2.6,B,B,C,,0.53,,,,Ongoing
UAT0080,Test Employee 80,Sales Executive,POS-2,T471,https://i.pravatar.cc/150?u=UAT0080,2019-04-15,1982-03-15,Career Person,,B,B,C,,,BS,B,B+,
UAT0081,Test Employee 81,Mechanic,POS-1,T000,https://i.pravatar.cc/150?u=UAT0081,2019-01-15,1998-07-15,Potential Candidate,4.3,B,B,C,,0.87,B+,B,B+,Not Started
UAT0082,Test Employee 82,Branch Manager,POS-1,T207,https://i.pravatar.cc/150?u=UAT0082,2019-07-15,1995-01-15,Unfit Employee,3.0,B,B,C,,0.60,B+,B,B+,Completed
UAT0083,Test Employee 83,Mechanic,POS-5,T000,https://i.pravatar.cc/150?u=UAT0083,2010-06-15,1998-04-15,,3.4,B,B,C,,0.67,BS,B,B+,Not Started
UAT0084,Test Employee 84,Sales Executive,POS-4,T471,https://i.pravatar.cc/150?u=UAT0084,2013-01-15,1979-02-15,Strong Performer,4.6,B,B,C,,0.92,B+,B,B+,Ongoing
UAT0085,Test Employee 85,Sales Executive,POS-2,T000,https://i.pravatar.cc/150?u=UAT0085,2012-04-15,1987-04-15,Candidate,3.0,B,B,C,,0.59,B+,B,B+,Not Started
UAT0086,Test Employee 86,Sales Executive,POS-2,T207,https://i.pravatar.cc/150?u=UAT0086,2016-07-15,1982-04-15,Career Person,3.5,B,B,C,,0.70,B,B,B+,Ongoing
UAT0087,Test Employee 87,Administration,POS-4,T700,https://i.pravatar.cc/150?u=UAT0087,2011-02-15,1974-01-15,Potential Candidate,3.0,B,B,C,,0.59,B+,B,B+,
UAT0088,Test Employee 88,Branch Manager,POS-3,T207,https://i.pravatar.cc/150?u=UAT0088,2017-04-15,1994-01-15,Unfit Employee,2.7,B,B,C,,0.54,BS,B,B+,Not Started
UAT0089,Test Employee 89,Sales Executive,POS-4,T000,https://i.pravatar.cc/150?u=UAT0089,2010-07-15,1993-09-15,,3.8,B,B,C,,0.75,B,B,B+,Ongoing
UAT0090,Test Employee 90,Branch Manager,POS-1,T471,https://i.pravatar.cc/150?u=UAT0090,2015-05-15,1986-07-15,Strong Performer,4.7,B,B,C,,0.93,BS,B,B+,
UAT0091,Test Employee 91,Mechanic,POS-5,T700,https://i.pravatar.cc/150?u=UAT0091,2010-06-15,1995-09-15,Candidate,3.0,B,B,C,,0.59,C,B,B+,Not Started
UAT0092,Test Employee 92,Administration,POS-4,T207,https://i.pravatar.cc/150?u=UAT0092,2015-05-15,1993-05-15,Career Person,2.9,B,B,C,,0.58,K,B,B+,
UAT0093,Test Employee 93,Administration,POS-4,T000,https://i.pravatar.cc/150?u=UAT0093,2017-05-15,1973-06-15,Potential Candidate,3.6,B,B,C,,0.73,BS,B,B+,Completed
UAT0094,Test Employee 94,Sales Executive,POS-1,T471,https://i.pravatar.cc/150?u=UAT0094,2019-09-15,1995-01-15,Unfit Employee,3.0,B,B,C,,0.60,B,B,B+,
UAT0095,Test Employee 95,Sales Executive,POS-1,T471,https://i.pravatar.cc/150?u=UAT0095,2015-01-15,1987-01-15,,2.9,B,B,C,,0.57,,,,Completed
UAT0096,Test Employee 96,Administration,POS-4,T000,https://i.pravatar.cc/150?u=UAT0096,2015-04-15,1986-01-15,Strong Performer,4.9,B,B,C,,0.98,BS,B,B+,Completed
UAT0097,Test Employee 97,Mechanic,POS-5,T000,https://i.pravatar.cc/150?u=UAT0097,2010-06-15,1971-04-15,Candidate,3.0,B,B,C,,0.59,K,B,B+,Ongoing
UAT0098,Test Employee 98,Sales Executive,POS-2,T700,https://i.pravatar.cc/150?u=UAT0098,2011-04-15,1980-02-15,Career Person,3.8,B,B,C,,0.76,B+,B,B+,
UAT0099,Test Employee 99,Sales Executive,POS-2,T000,https://i.pravatar.cc/150?u=UAT0099,2017-04-15,1973-06-15,Potential Candidate,2.8,B,B,C,,0.56,C+,B,B+,Completed
UAT0100,Test Employee 100,Sales Executive,POS-3,T700,,2015-01-15,1998-06-15,Unfit Employee,2.9,B,B,C,,0.57,K,B,B+,Completed
UAT0101,Test Employee 101,Sales Executive,POS-1,T000,https://i.pravatar.cc/150?u=UAT0101,2014-09-15,1972-06-15,,2.5,B,B,C,,0.50,,,,
UAT0102,Test Employee 102,Service Advisor,POS-3,T000,https://i.pravatar.cc/150?u=UAT0102,2010-05-15,1998-07-15,Strong Performer,4.7,B,B,C,,0.93,B+,B,B+,Ongoing
UAT0103,Test Employee 103,Sales Executive,POS-5,T000,https://i.pravatar.cc/150?u=UAT0103,2012-06-15,1992-08-15,Candidate,4.2,B,B,C,,0.83,B,B,B+,Ongoing
UAT0104,Test Employee 104,Branch Manager,POS-2,T471,https://i.pravatar.cc/150?u=UAT0104,2013-06-15,1989-06-15,Career Person,2.9,B,B,C,,0.57,B+,B,B+,Not Started
UAT0105,Test Employee 105,Sales Executive,POS-4,T000,https://i.pravatar.cc/150?u=UAT0105,2011-01-15,1993-09-15,Potential Candidate,4.5,B,B,C,,0.91,BS,B,B+,
UAT0106,Test Employee 106,Mechanic,POS-1,T000,https://i.pravatar.cc/150?u=UAT0106,2016-07-15,1985-01-15,Unfit Employee,3.0,B,B,C,,0.60,B+,B,B+,Completed
UAT0107,Test Employee 107,Branch Manager,POS-3,T000,https://i.pravatar.cc/150?u=UAT0107,2010-02-15,1990-01-15,,2.5,B,B,C,,0.51,K,B,B+,
UAT0108,Test Employee 108,Mechanic,POS-5,T700,https://i.pravatar.cc/150?u=UAT0108,2012-04-15,1994-01-15,Strong Performer,4.9,B,B,C,,0.98,B+,B,B+,Ongoing
UAT0109,Test Employee 109,Branch Manager,POS-2,T000,https://i.pravatar.cc/150?u=UAT0109,2013-02-15,1995-05-15,Candidate,3.6,B,B,C,,0.73,C,B,B+,Ongoing
UAT0110,Test Employee 110,Sales Executive,POS-1,T207,https://i.pravatar.cc/150?u=UAT0110,2011-08-15,1979-03-15,Career Person,4.3,B,B,C,,0.86,,,,Ongoing
UAT0111,Test Employee 111,Administration,POS-5,T700,https://i.pravatar.cc/150?u=UAT0111,2015-07-15,1971-07-15,Potential Candidate,2.6,B,B,C,,0.53,K,B,B+,Ongoing
UAT0112,Test Employee 112,Sales Executive,POS-5,T700,https://i.pravatar.cc/150?u=UAT0112,2018-01-15,1977-06-15,Unfit Employee,2.6,B,B,C,,0.53,K,B,B+,Ongoing
UAT0113,Test Employee 113,Sales Executive,POS-4,T700,https://i.pravatar.cc/150?u=UAT0113,2012-05-15,1981-02-15,,2.7,B,B,C,,0.54,BS,B,B+,Completed
UAT0114,Test Employee 114,Branch Manager,POS-2,T700,https://i.pravatar.cc/150?u=UAT0114,2016-05-15,1990-03-15,Strong Performer,4.8,B,B,C,,0.95,B+,B,B+,Completed
UAT0115,Test Employee 115,Branch Manager,POS-5,T207,https://i.pravatar.cc/150?u=UAT0115,2014-03-15,1970-05-15,Candidate,3.1,B,B,C,,0.63,C,B,B+,
UAT0116,Test Employee 116,Service Advisor,POS-1,T471,https://i.pravatar.cc/150?u=UAT0116,2010-07-15,1970-02-15,Career Person,3.6,B,B,C,,0.73,B+,B,B+,
UAT0117,Test Employee 117,Administration,POS-4,T471,https://i.pravatar.cc/150?u=UAT0117,2019-03-15,1985-05-15,Potential Candidate,3.3,B,B,C,,0.65,B+,B,B+,Ongoing
UAT0118,Test Employee 118,Mechanic,POS-2,T471,https://i.pravatar.cc/150?u=UAT0118,2013-03-15,1988-02-15,Unfit Employee,2.6,B,B,C,,0.52,,,,Completed
UAT0119,Test Employee 119,Mechanic,POS-3,T700,https://i.pravatar.cc/150?u=UAT0119,2010-07-15,1985-04-15,,2.9,B,B,C,,0.58,B+,B,B+,Ongoing
UAT0120,Test Employee 120,Administration,POS-4,T000,https://i.pravatar.cc/150?u=UAT0120,2013-05-15,1989-03-15,Strong Performer,4.8,B,B,C,,0.97,B+,B,B+,
UAT0121,Test Employee 121,Branch Manager,POS-4,T700,https://i.pravatar.cc/150?u=UAT0121,2015-01-15,1971-09-15,Candidate,3.6,B,B,C,,0.72,BS,B,B+,
UAT0122,Test Employee 122,Sales Executive,POS-3,T700,https://i.pravatar.cc/150?u=UAT0122,2012-04-15,1994-09-15,Career Person,2.6,B,B,C,,0.53,B,B,B+,Completed
UAT0123,Test Employee 123,Branch Manager,POS-1,T700,https://i.pravatar.cc/150?u=UAT0123,2016-08-15,1980-03-15,Potential Candidate,2.9,B,B,C,,0.58,,,,
UAT0124,Test Employee 124,Mechanic,POS-2,T207,https://i.pravatar.cc/150?u=UAT0124,2013-05-15,1982-02-15,Unfit Employee,3.0,B,B,C,,0.59,BS,B,B+,
UAT0125,Test Employee 125,Service Advisor,POS-5,T471,,2013-08-15,1979-09-15,,3.1,B,B,C,,0.62,,,,
UAT0126,Test Employee 126,Administration,POS-3,T000,https://i.pravatar.cc/150?u=UAT0126,2011-03-15,1974-06-15,Strong Performer,5.0,B,B,C,,1.00,BS,B,B+,
UAT0127,Test Employee 127,Branch Manager,POS-3,T207,https://i.pravatar.cc/150?u=UAT0127,2014-06-15,1984-06-15,Candidate,3.5,B,B,C,,0.70,BS,B,B+,
UAT0128,Test Employee 128,Administration,POS-3,T000,https://i.pravatar.cc/150?u=UAT0128,2018-09-15,1986-02-15,Career Person,3.0,B,B,C,,0.61,C+,B,B+,Not Started
UAT0129,Test Employee 129,Mechanic,POS-1,T000,https://i.pravatar.cc/150?u=UAT0129,2015-08-15,1999-07-15,Potential Candidate,3.4,B,B,C,,0.67,,,,Ongoing
UAT0130,Test Employee 130,Service Advisor,POS-1,T207,https://i.pravatar.cc/150?u=UAT0130,2019-01-15,1979-06-15,Unfit Employee,2.9,B,B,C,,0.58,B+,B,B+,
UAT0131,Test Employee 131,Sales Executive,POS-1,T700,https://i.pravatar.cc/150?u=UAT0131,2010-04-15,1982-08-15,,4.5,B,B,C,,0.89,K,B,B+,Ongoing
UAT0132,Test Employee 132,Mechanic,POS-3,T000,https://i.pravatar.cc/150?u=UAT0132,2013-06-15,1978-05-15,Strong Performer,4.5,B,B,C,,0.91,BS,B,B+,Ongoing
UAT0133,Test Employee 133,Mechanic,POS-1,T000,https://i.pravatar.cc/150?u=UAT0133,2011-03-15,1991-03-15,Candidate,4.2,B,B,C,,0.83,B+,B,B+,Ongoing
UAT0134,Test Employee 134,Branch Manager,POS-4,T207,https://i.pravatar.cc/150?u=UAT0134,2019-04-15,1991-03-15,Career Person,2.9,B,B,C,,0.57,B+,B,B+,Completed
UAT0135,Test Employee 135,Mechanic,POS-1,T471,https://i.pravatar.cc/150?u=UAT0135,2016-07-15,1996-04-15,Potential Candidate,2.9,B,B,C,,0.58,B+,B,B+,
UAT0136,Test Employee 136,Administration,POS-2,T000,https://i.pravatar.cc/150?u=UAT0136,2016-02-15,1991-03-15,Unfit Employee,2.9,B,B,C,,0.57,B+,B,B+,Not Started
UAT0137,Test Employee 137,Service Advisor,POS-2,T000,https://i.pravatar.cc/150?u=UAT0137,2011-03-15,1970-01-15,,3.6,B,B,C,,0.72,K,B,B+,Completed
UAT0138,Test Employee 138,Service Advisor,POS-3,T471,https://i.pravatar.cc/150?u=UAT0138,2014-08-15,1981-04-15,Strong Performer,4.5,B,B,C,,0.91,BS,B,B+,
UAT0139,Test Employee 139,Branch Manager,POS-3,T700,https://i.pravatar.cc/150?u=UAT0139,2011-02-15,1981-01-15,Candidate,2.8,B,B,C,,0.55,C+,B,B+,
UAT0140,Test Employee 140,Sales Executive,POS-2,T471,https://i.pravatar.cc/150?u=UAT0140,2015-02-15,1984-07-15,Career Person,,B,B,C,,,,,,Not Started
UAT0141,Test Employee 141,Service Advisor,POS-4,T471,https://i.pravatar.cc/150?u=UAT0141,2015-07-15,1989-02-15,Potential Candidate,4.1,B,B,C,,0.82,B+,B,B+,Completed
UAT0142,Test Employee 142,Administration,POS-1,T000,https://i.pravatar.cc/150?u=UAT0142,2012-08-15,1999-02-15,Unfit Employee,2.3,B,B,C,,0.45,K,B,B+,
UAT0143,Test Employee 143,Branch Manager,POS-3,T700,https://i.pravatar.cc/150?u=UAT0143,2012-03-15,1986-03-15,,4.7,B,B,C,,0.93,B+,B,B+,Ongoing
UAT0144,Test Employee 144,Sales Executive,POS-5,T471,https://i.pravatar.cc/150?u=UAT0144,2019-08-15,1972-01-15,Strong Performer,4.8,B,B,C,,0.96,BS,B,B+,Completed
UAT0145,Test Employee 145,Administration,POS-3,T700,https://i.pravatar.cc/150?u=UAT0145,2012-06-15,1996-08-15,Candidate,2.8,B,B,C,,0.55,C,B,B+,Completed
UAT0146,Test Employee 146,Sales Executive,POS-5,T700,https://i.pravatar.cc/150?u=UAT0146,2015-05-15,1999-07-15,Career Person,4.5,B,B,C,,0.89,B+,B,B+,Not Started
UAT0147,Test Employee 147,Mechanic,POS-4,T471,https://i.pravatar.cc/150?u=UAT0147,2014-04-15,1987-06-15,Potential Candidate,2.9,B,B,C,,0.58,C+,B,B+,Completed
UAT0148,Test Employee 148,Branch Manager,POS-5,T000,https://i.pravatar.cc/150?u=UAT0148,2010-05-15,1999-02-15,Unfit Employee,2.1,B,B,C,,0.42,,,,Ongoing
UAT0149,Test Employee 149,Sales Executive,POS-2,T207,https://i.pravatar.cc/150?u=UAT0149,2018-07-15,1990-05-15,,2.9,B,B,C,,0.57,C+,B,B+,Not Started
UAT0150,Test Employee 150,Service Advisor,POS-5,T000,,2011-07-15,1999-09-15,Strong Performer,4.8,B,B,C,,0.95,B+,B,B+,
UAT0151,Test Employee 151,Branch Manager,POS-3,T471,https://i.pravatar.cc/150?u=UAT0151,2014-07-15,1992-05-15,Candidate,3.7,B,B,C,,0.74,K,B,B+,Not Started
UAT0152,Test Employee 152,Administration,POS-3,T700,https://i.pravatar.cc/150?u=UAT0152,2019-08-15,1981-06-15,Career Person,4.7,B,B,C,,0.93,,,,Completed
UAT0153,Test Employee 153,Service Advisor,POS-5,T207,https://i.pravatar.cc/150?u=UAT0153,2016-03-15,1972-03-15,Potential Candidate,4.5,B,B,C,,0.89,K,B,B+,
UAT0154,Test Employee 154,Sales Executive,POS-5,T700,https://i.pravatar.cc/150?u=UAT0154,2016-05-15,1995-05-15,Unfit Employee,2.5,B,B,C,,0.51,C+,B,B+,Completed
UAT0155,Test Employee 155,Administration,POS-5,T700,https://i.pravatar.cc/150?u=UAT0155,2015-05-15,1985-05-15,,3.6,B,B,C,,0.72,,,,Ongoing
UAT0156,Test Employee 156,Administration,POS-5,T207,https://i.pravatar.cc/150?u=UAT0156,2013-08-15,1985-09-15,Strong Performer,4.8,B,B,C,,0.96,B+,B,B+,Ongoing
UAT0157,Test Employee 157,Service Advisor,POS-1,T700,https://i.pravatar.cc/150?u=UAT0157,2015-03-15,1987-08-15,Candidate,4.3,B,B,C,,0.87,BS,B,B+,Completed
UAT0158,Test Employee 158,Branch Manager,POS-4,T700,https://i.pravatar.cc/150?u=UAT0158,2012-08-15,1997-04-15,Career Person,2.9,B,B,C,,0.58,BS,B,B+,Not Started
UAT0159,Test Employee 159,Branch Manager,POS-5,T000,https://i.pravatar.cc/150?u=UAT0159,2019-08-15,1970-03-15,Potential Candidate,3.5,B,B,C,,0.69,C+,B,B+,Ongoing
UAT0160,Test Employee 160,Mechanic,POS-4,T471,https://i.pravatar.cc/150?u=UAT0160,2019-03-15,1971-08-15,Unfit Employee,3.0,B,B,C,,0.60,B,B,B+,Completed
UAT0161,Test Employee 161,Administration,POS-5,T000,https://i.pravatar.cc/150?u=UAT0161,2016-06-15,1971-09-15,,3.3,B,B,C,,0.66,B+,B,B+,Ongoing
UAT0162,Test Employee 162,Branch Manager,POS-4,T471,https://i.pravatar.cc/150?u=UAT0162,2011-02-15,1977-08-15,Strong Performer,4.5,B,B,C,,0.90,B+,B,B+,Completed
UAT0163,Test Employee 163,Administration,POS-4,T207,https://i.pravatar.cc/150?u=UAT0163,2014-08-15,1988-05-15,Candidate,3.0,B,B,C,,0.59,K,B,B+,Ongoing
UAT0164,Test Employee 164,Branch Manager,POS-5,T207,https://i.pravatar.cc/150?u=UAT0164,2019-01-15,1984-08-15,Career Person,2.6,B,B,C,,0.53,B,B,B+,Completed
UAT0165,Test Employee 165,Service Advisor,POS-1,T000,https://i.pravatar.cc/150?u=UAT0165,2015-02-15,1989-03-15,Potential Candidate,3.0,B,B,C,,0.59,BS,B,B+,
UAT0166,Test Employee 166,Mechanic,POS-3,T207,https://i.pravatar.cc/150?u=UAT0166,2012-08-15,1975-07-15,Unfit Employee,2.9,B,B,C,,0.57,B,B,B+,Not Started
UAT0167,Test Employee 167,Mechanic,POS-2,T207,https://i.pravatar.cc/150?u=UAT0167,2018-02-15,1982-01-15,,4.7,B,B,C,,0.94,B,B,B+,Ongoing
UAT0168,Test Employee 168,Sales Executive,POS-1,T000,https://i.pravatar.cc/150?u=UAT0168,2011-02-15,1987-02-15,Strong Performer,4.5,B,B,C,,0.91,BS,B,B+,
UAT0169,Test Employee 169,Administration,POS-4,T700,https://i.pravatar.cc/150?u=UAT0169,2018-03-15,1990-02-15,Candidate,4.0,B,B,C,,0.81,C+,B,B+,Ongoing
UAT0170,Test Employee 170,Service Advisor,POS-1,T000,https://i.pravatar.cc/150?u=UAT0170,2016-07-15,1978-08-15,Career Person,2.9,B,B,C,,0.57,K,B,B+,Ongoing
UAT0171,Test Employee 171,Administration,POS-1,T207,https://i.pravatar.cc/150?u=UAT0171,2011-09-15,1981-09-15,Potential Candidate,3.1,B,B,C,,0.62,,,,Ongoing
UAT0172,Test Employee 172,Mechanic,POS-1,T207,https://i.pravatar.cc/150?u=UAT0172,2016-04-15,1989-07-15,Unfit Employee,2.5,B,B,C,,0.50,,,,Completed
UAT0173,Test Employee 173,Administration,POS-3,T471,https://i.pravatar.cc/150?u=UAT0173,2016-01-15,1999-02-15,,4.0,B,B,C,,0.80,,,,Completed
UAT0174,Test Employee 174,Mechanic,POS-3,T000,https://i.pravatar.cc/150?u=UAT0174,2019-03-15,1985-01-15,Strong Performer,4.5,B,B,C,,0.90,BS,B,B+,Not Started
UAT0175,Test Employee 175,Service Advisor,POS-3,T207,,2012-06-15,1976-02-15,Candidate,2.6,B,B,C,,0.52,K,B,B+,Not Started
UAT0176,Test Employee 176,Service Advisor,POS-3,T700,https://i.pravatar.cc/150?u=UAT0176,2019-01-15,1999-03-15,Career Person,3.1,B,B,C,,0.63,K,B,B+,
UAT0177,Test Employee 177,Administration,POS-1,T207,https://i.pravatar.cc/150?u=UAT0177,2019-07-15,1986-04-15,Potential Candidate,4.4,B,B,C,,0.88,C+,B,B+,Completed
UAT0178,Test Employee 178,Branch Manager,POS-1,T471,https://i.pravatar.cc/150?u=UAT0178,2011-04-15,1972-08-15,Unfit Employee,2.6,B,B,C,,0.53,C+,B,B+,Not Started
UAT0179,Test Employee 179,Branch Manager,POS-3,T000,https://i.pravatar.cc/150?u=UAT0179,2019-04-15,1985-06-15,,3.0,B,B,C,,0.59,C,B,B+,
UAT0180,Test Employee 180,Mechanic,POS-3,T471,https://i.pravatar.cc/150?u=UAT0180,2016-08-15,1999-02-15,Strong Performer,4.5,B,B,C,,0.91,B+,B,B+,
UAT0181,Test Employee 181,Service Advisor,POS-1,T471,https://i.pravatar.cc/150?u=UAT0181,2019-08-15,1996-02-15,Candidate,4.7,B,B,C,,0.94,C,B,B+,Completed
UAT0182,Test Employee 182,Sales Executive,POS-5,T700,https://i.pravatar.cc/150?u=UAT0182,2014-08-15,1993-09-15,Career Person,3.5,B,B,C,,0.69,K,B,B+,Ongoing
UAT0183,Test Employee 183,Sales Executive,POS-4,T700,https://i.pravatar.cc/150?u=UAT0183,2013-04-15,1976-03-15,Potential Candidate,3.8,B,B,C,,0.75,C,B,B+,Completed
UAT0184,Test Employee 184,Sales Executive,POS-3,T207,https://i.pravatar.cc/150?u=UAT0184,2010-01-15,1991-01-15,Unfit Employee,2.6,B,B,C,,0.52,C,B,B+,
UAT0185,Test Employee 185,Sales Executive,POS-2,T000,https://i.pravatar.cc/150?u=UAT0185,2017-07-15,1970-07-15,,4.3,B,B,C,,0.86,K,B,B+,
UAT0186,Test Employee 186,Administration,POS-5,T000,https://i.pravatar.cc/150?u=UAT0186,2014-03-15,1977-04-15,Strong Performer,4.5,B,B,C,,0.90,BS,B,B+,Ongoing
UAT0187,Test Employee 187,Service Advisor,POS-2,T700,https://i.pravatar.cc/150?u=UAT0187,2016-09-15,1986-01-15,Candidate,2.7,B,B,C,,0.54,C,B,B+,
UAT0188,Test Employee 188,Branch Manager,POS-3,T700,https://i.pravatar.cc/150?u=UAT0188,2012-02-15,1989-08-15,Career Person,3.3,B,B,C,,0.66,C+,B,B+,
UAT0189,Test Employee 189,Service Advisor,POS-3,T471,https://i.pravatar.cc/150?u=UAT0189,2012-03-15,1998-03-15,Potential Candidate,4.0,B,B,C,,0.81,K,B,B+,Not Started
UAT0190,Test Employee 190,Mechanic,POS-2,T207,https://i.pravatar.cc/150?u=UAT0190,2019-06-15,1993-05-15,Unfit Employee,2.5,B,B,C,,0.51,B+,B,B+,
UAT0191,Test Employee 191,Sales Executive,POS-4,T471,https://i.pravatar.cc/150?u=UAT0191,2010-08-15,1975-03-15,,3.9,B,B,C,,0.77,B,B,B+,Not Started
UAT0192,Test Employee 192,Service Advisor,POS-2,T207,https://i.pravatar.cc/150?u=UAT0192,2010-05-15,1987-09-15,Strong Performer,4.9,B,B,C,,0.98,B+,B,B+,Not Started
UAT0193,Test Employee 193,Branch Manager,POS-5,T471,https://i.pravatar.cc/150?u=UAT0193,2019-08-15,1996-07-15,Candidate,4.3,B,B,C,,0.87,C,B,B+,Ongoing
UAT0194,Test Employee 194,Service Advisor,POS-4,T700,https://i.pravatar.cc/150?u=UAT0194,2014-03-15,1982-06-15,Career Person,4.8,B,B,C,,0.95,BS,B,B+,Completed
UAT0195,Test Employee 195,Sales Executive,POS-4,T471,https://i.pravatar.cc/150?u=UAT0195,2012-05-15,1983-01-15,Potential Candidate,3.8,B,B,C,,0.75,BS,B,B+,
UAT0196,Test Employee 196,Sales Executive,POS-3,T207,https://i.pravatar.cc/150?u=UAT0196,2010-07-15,1985-05-15,Unfit Employee,2.2,B,B,C,,0.44,B+,B,B+,
UAT0197,Test Employee 197,Sales Executive,POS-1,T207,https://i.pravatar.cc/150?u=UAT0197,2015-07-15,1976-01-15,,4.3,B,B,C,,0.87,,,,
UAT0198,Test Employee 198,Service Advisor,POS-5,T000,https://i.pravatar.cc/150?u=UAT0198,2017-02-15,1984-08-15,Strong Performer,4.5,B,B,C,,0.91,B+,B,B+,Completed
UAT0199,Test Employee 199,Branch Manager,POS-3,T000,https://i.pravatar.cc/150?u=UAT0199,2019-06-15,1995-07-15,Candidate,3.1,B,B,C,,0.62,K,B,B+,
UAT0200,Test Employee 200,Administration,POS-2,T700,,2011-04-15,1983-07-15,Career Person,,B,B,C,,,B+,B,B+,Not Started
UAT0201,Test Employee 201,Service Advisor,POS-5,T000,https://i.pravatar.cc/150?u=UAT0201,2019-02-15,1999-06-15,Potential Candidate,3.8,B,B,C,,0.76,C,B,B+,
UAT0202,Test Employee 202,Branch Manager,POS-1,T207,https://i.pravatar.cc/150?u=UAT0202,2010-06-15,1997-04-15,Unfit Employee,3.0,B,B,C,,0.59,B+,B,B+,Ongoing
UAT0203,Test Employee 203,Mechanic,POS-2,T471,https://i.pravatar.cc/150?u=UAT0203,2016-01-15,1976-07-15,,4.4,B,B,C,,0.88,,,,Not Started
UAT0204,Test Employee 204,Sales Executive,POS-3,T700,https://i.pravatar.cc/150?u=UAT0204,2018-02-15,1987-01-15,Strong Performer,4.5,B,B,C,,0.91,BS,B,B+,Not Started
UAT0205,Test Employee 205,Service Advisor,POS-5,T000,https://i.pravatar.cc/150?u=UAT0205,2013-02-15,1999-07-15,Candidate,2.6,B,B,C,,0.53,C,B,B+,
UAT0206,Test Employee 206,Branch Manager,POS-2,T700,https://i.pravatar.cc/150?u=UAT0206,2017-06-15,1970-04-15,Career Person,3.9,B,B,C,,0.78,B,B,B+,Ongoing
UAT0207,Test Employee 207,Sales Executive,POS-5,T471,https://i.pravatar.cc/150?u=UAT0207,2016-01-15,1989-01-15,Potential Candidate,4.3,B,B,C,,0.87,,,,
UAT0208,Test Employee 208,Sales Executive,POS-4,T207,https://i.pravatar.cc/150?u=UAT0208,2019-08-15,1979-06-15,Unfit Employee,2.7,B,B,C,,0.54,B,B,B+,
UAT0209,Test Employee 209,Mechanic,POS-1,T000,https://i.pravatar.cc/150?u=UAT0209,2013-07-15,1993-08-15,,3.1,B,B,C,,0.62,K,B,B+,Not Started
UAT0210,Test Employee 210,Service Advisor,POS-1,T207,https://i.pravatar.cc/150?u=UAT0210,2018-03-15,1971-04-15,Strong Performer,4.7,B,B,C,,0.93,BS,B,B+,
UAT0211,Test Employee 211,Administration,POS-4,T471,https://i.pravatar.cc/150?u=UAT0211,2018-06-15,1970-08-15,Candidate,4.7,B,B,C,,0.94,C+,B,B+,
UAT0212,Test Employee 212,Administration,POS-1,T000,https://i.pravatar.cc/150?u=UAT0212,2014-02-15,1976-02-15,Career Person,4.5,B,B,C,,0.91,B+,B,B+,Completed
UAT0213,Test Employee 213,Sales Executive,POS-2,T207,https://i.pravatar.cc/150?u=UAT0213,2010-06-15,1986-06-15,Potential Candidate,2.7,B,B,C,,0.54,B+,B,B+,Not Started
UAT0214,Test Employee 214,Service Advisor,POS-4,T471,https://i.pravatar.cc/150?u=UAT0214,2011-01-15,1986-08-15,Unfit Employee,2.2,B,B,C,,0.44,B,B,B+,
UAT0215,Test Employee 215,Mechanic,POS-5,T700,https://i.pravatar.cc/150?u=UAT0215,2012-07-15,1993-07-15,,3.1,B,B,C,,0.63,K,B,B+,
UAT0216,Test Employee 216,Mechanic,POS-1,T700,https://i.pravatar.cc/150?u=UAT0216,2016-07-15,1981-08-15,Strong Performer,5.0,B,B,C,,0.99,BS,B,B+,
UAT0217,Test Employee 217,Service Advisor,POS-5,T000,https://i.pravatar.cc/150?u=UAT0217,2011-05-15,1982-07-15,Candidate,3.9,B,B,C,,0.78,C,B,B+,Completed
UAT0218,Test Employee 218,Branch Manager,POS-4,T207,https://i.pravatar.cc/150?u=UAT0218,2012-09-15,1997-04-15,Career Person,4.3,B,B,C,,0.85,BS,B,B+,Ongoing
UAT0219,Test Employee 219,Mechanic,POS-3,T000,https://i.pravatar.cc/150?u=UAT0219,2018-02-15,1989-03-15,Potential Candidate,3.8,B,B,C,,0.75,,,,Ongoing
UAT0220,Test Employee 220,Sales Executive,POS-3,T471,https://i.pravatar.cc/150?u=UAT0220,2010-09-15,1991-07-15,Unfit Employee,2.3,B,B,C,,0.45,C,B,B+,
UAT0221,Test Employee 221,Administration,POS-1,T207,https://i.pravatar.cc/150?u=UAT0221,2018-03-15,1972-08-15,,3.9,B,B,C,,0.78,B,B,B+,Completed
UAT0222,Test Employee 222,Sales Executive,POS-3,T700,https://i.pravatar.cc/150?u=UAT0222,2018-02-15,1985-08-15,Strong Performer,4.8,B,B,C,,0.95,B+,B,B+,Not Started
UAT0223,Test Employee 223,Mechanic,POS-5,T000,https://i.pravatar.cc/150?u=UAT0223,2016-04-15,1979-05-15,Candidate,3.1,B,B,C,,0.63,BS,B,B+,Completed
UAT0224,Test Employee 224,Administration,POS-5,T207,https://i.pravatar.cc/150?u=UAT0224,2011-02-15,1981-04-15,Career Person,4.7,B,B,C,,0.93,C+,B,B+,
UAT0225,Test Employee 225,Sales Executive,POS-1,T471,,2016-02-15,1993-06-15,Potential Candidate,2.9,B,B,C,,0.57,C,B,B+,
UAT0226,Test Employee 226,Service Advisor,POS-4,T471,https://i.pravatar.cc/150?u=UAT0226,2013-08-15,1984-07-15,Unfit Employee,2.5,B,B,C,,0.51,K,B,B+,
UAT0227,Test Employee 227,Branch Manager,POS-1,T471,https://i.pravatar.cc/150?u=UAT0227,2019-04-15,1982-09-15,,3.6,B,B,C,,0.73,B,B,B+,
UAT0228,Test Employee 228,Sales Executive,POS-3,T471,https://i.pravatar.cc/150?u=UAT0228,2015-04-15,1986-06-15,Strong Performer,4.8,B,B,C,,0.95,B+,B,B+,Completed
UAT0229,Test Employee 229,Service Advisor,POS-2,T471,https://i.pravatar.cc/150?u=UAT0229,2019-02-15,1990-03-15,Candidate,4.5,B,B,C,,0.90,,,,Completed
UAT0230,Test Employee 230,Mechanic,POS-3,T471,https://i.pravatar.cc/150?u=UAT0230,2014-06-15,1995-01-15,Career Person,4.2,B,B,C,,0.83,BS,B,B+,Ongoing
UAT0231,Test Employee 231,Mechanic,POS-2,T700,https://i.pravatar.cc/150?u=UAT0231,2012-01-15,1999-06-15,Potential Candidate,3.5,B,B,C,,0.69,K,B,B+,Not Started
UAT0232,Test Employee 232,Mechanic,POS-4,T471,https://i.pravatar.cc/150?u=UAT0232,2010-01-15,1995-01-15,Unfit Employee,2.9,B,B,C,,0.57,K,B,B+,Ongoing
UAT0233,Test Employee 233,Service Advisor,POS-4,T471,https://i.pravatar.cc/150?u=UAT0233,2017-09-15,1989-02-15,,4.7,B,B,C,,0.94,K,B,B+,Ongoing
UAT0234,Test Employee 234,Mechanic,POS-2,T000,https://i.pravatar.cc/150?u=UAT0234,2018-07-15,1989-05-15,Strong Performer,5.0,B,B,C,,1.00,B+,B,B+,Not Started
UAT0235,Test Employee 235,Sales Executive,POS-2,T000,https://i.pravatar.cc/150?u=UAT0235,2011-05-15,1987-02-15,Candidate,3.3,B,B,C,,0.66,B+,B,B+,
UAT0236,Test Employee 236,Administration,POS-4,T000,https://i.pravatar.cc/150?u=UAT0236,2011-02-15,1997-06-15,Career Person,3.1,B,B,C,,0.62,B,B,B+,Ongoing
UAT0237,Test Employee 237,Service Advisor,POS-1,T471,https://i.pravatar.cc/150?u=UAT0237,2010-08-15,1976-02-15,Potential Candidate,3.8,B,B,C,,0.75,K,B,B+,Completed
UAT0238,Test Employee 238,Sales Executive,POS-5,T700,https://i.pravatar.cc/150?u=UAT0238,2019-09-15,1974-02-15,Unfit Employee,2.0,B,B,C,,0.40,C+,B,B+,Completed
UAT0239,Test Employee 239,Mechanic,POS-1,T000,https://i.pravatar.cc/150?u=UAT0239,2017-03-15,1992-03-15,,2.7,B,B,C,,0.54,C,B,B+,Not Started
UAT0240,Test Employee 240,Mechanic,POS-1,T700,https://i.pravatar.cc/150?u=UAT0240,2015-02-15,1988-04-15,Strong Performer,5.0,B,B,C,,0.99,B+,B,B+,
UAT0241,Test Employee 241,Service Advisor,POS-2,T471,https://i.pravatar.cc/150?u=UAT0241,2012-06-15,1974-08-15,Candidate,2.6,B,B,C,,0.53,C+,B,B+,Completed
UAT0242,Test Employee 242,Mechanic,POS-3,T700,https://i.pravatar.cc/150?u=UAT0242,2019-02-15,1993-04-15,Career Person,2.6,B,B,C,,0.52,B+,B,B+,
UAT0243,Test Employee 243,Administration,POS-1,T207,https://i.pravatar.cc/150?u=UAT0243,2014-09-15,1986-07-15,Potential Candidate,4.0,B,B,C,,0.79,C,B,B+,
UAT0244,Test Employee 244,Sales Executive,POS-4,T207,https://i.pravatar.cc/150?u=UAT0244,2018-06-15,1998-07-15,Unfit Employee,2.5,B,B,C,,0.51,,,,Ongoing
UAT0245,Test Employee 245,Service Advisor,POS-5,T000,https://i.pravatar.cc/150?u=UAT0245,2018-08-15,1990-02-15,,4.3,B,B,C,,0.87,B,B,B+,
UAT0246,Test Employee 246,Service Advisor,POS-4,T207,https://i.pravatar.cc/150?u=UAT0246,2010-03-15,1989-03-15,Strong Performer,5.0,B,B,C,,0.99,B+,B,B+,Not Started
UAT0247,Test Employee 247,Sales Executive,POS-2,T700,https://i.pravatar.cc/150?u=UAT0247,2015-04-15,1970-03-15,Candidate,3.5,B,B,C,,0.69,B+,B,B+,Ongoing
UAT0248,Test Employee 248,Service Advisor,POS-3,T000,https://i.pravatar.cc/150?u=UAT0248,2012-09-15,1971-04-15,Career Person,3.5,B,B,C,,0.71,C,B,B+,Completed
UAT0249,Test Employee 249,Administration,POS-2,T000,https://i.pravatar.cc/150?u=UAT0249,2010-06-15,1998-02-15,Potential Candidate,3.0,B,B,C,,0.60,BS,B,B+,Ongoing
UAT0250,Test Employee 250,Branch Manager,POS-4,T207,,2017-07-15,1993-03-15,Unfit Employee,2.1,B,B,C,,0.43,C,B,B+,Ongoing
UAT0251,Test Employee 251,Branch Manager,POS-4,T000,https://i.pravatar.cc/150?u=UAT0251,2018-07-15,1992-02-15,,3.0,B,B,C,,0.59,B+,B,B+,Ongoing
UAT0252,Test Employee 252,Sales Executive,POS-1,T471,https://i.pravatar.cc/150?u=UAT0252,2018-02-15,1996-08-15,Strong Performer,4.8,B,B,C,,0.96,BS,B,B+,Ongoing
UAT0253,Test Employee 253,Branch Manager,POS-5,T000,https://i.pravatar.cc/150?u=UAT0253,2018-05-15,1988-09-15,Candidate,4.3,B,B,C,,0.85,K,B,B+,Not Started
UAT0254,Test Employee 254,Administration,POS-2,T000,https://i.pravatar.cc/150?u=UAT0254,2018-06-15,1978-06-15,Career Person,2.9,B,B,C,,0.58,,,,Not Started
UAT0255,Test Employee 255,Branch Manager,POS-1,T700,https://i.pravatar.cc/150?u=UAT0255,2013-07-15,1983-07-15,Potential Candidate,4.1,B,B,C,,0.82,BS,B,B+,
UAT0256,Test Employee 256,Service Advisor,POS-3,T471,https://i.pravatar.cc/150?u=UAT0256,2011-06-15,1981-08-15,Unfit Employee,2.5,B,B,C,,0.49,B+,B,B+,Completed
UAT0257,Test Employee 257,Service Advisor,POS-3,T207,https://i.pravatar.cc/150?u=UAT0257,2010-08-15,1979-01-15,,4.7,B,B,C,,0.94,K,B,B+,Completed
UAT0258,Test Employee 258,Sales Executive,POS-1,T471,https://i.pravatar.cc/150?u=UAT0258,2010-09-15,1984-08-15,Strong Performer,4.8,B,B,C,,0.95,BS,B,B+,Completed
UAT0259,Test Employee 259,Branch Manager,POS-4,T000,https://i.pravatar.cc/150?u=UAT0259,2019-09-15,1985-04-15,Candidate,2.9,B,B,C,,0.57,,,,Not Started
UAT0260,Test Employee 260,Administration,POS-4,T207,https://i.pravatar.cc/150?u=UAT0260,2010-07-15,1988-08-15,Career Person,,B,B,C,,,B+,B,B+,Completed
UAT0261,Test Employee 261,Service Advisor,POS-5,T207,https://i.pravatar.cc/150?u=UAT0261,2016-07-15,1971-06-15,Potential Candidate,2.5,B,B,C,,0.51,BS,B,B+,
UAT0262,Test Employee 262,Sales Executive,POS-5,T207,https://i.pravatar.cc/150?u=UAT0262,2017-07-15,1990-07-15,Unfit Employee,2.6,B,B,C,,0.52,,,,Not Started
UAT0263,Test Employee 263,Sales Executive,POS-1,T000,https://i.pravatar.cc/150?u=UAT0263,2015-06-15,1992-02-15,,2.6,B,B,C,,0.53,C,B,B+,Ongoing
UAT0264,Test Employee 264,Administration,POS-2,T471,https://i.pravatar.cc/150?u=UAT0264,2013-05-15,1998-04-15,Strong Performer,4.8,B,B,C,,0.95,BS,B,B+,Ongoing
UAT0265,Test Employee 265,Administration,POS-3,T471,https://i.pravatar.cc/150?u=UAT0265,2010-01-15,1998-01-15,Candidate,4.2,B,B,C,,0.84,,,,Completed
UAT0266,Test Employee 266,Service Advisor,POS-5,T471,https://i.pravatar.cc/150?u=UAT0266,2013-05-15,1996-05-15,Career Person,3.2,B,B,C,,0.64,K,B,B+,Ongoing
UAT0267,Test Employee 267,Service Advisor,POS-2,T700,https://i.pravatar.cc/150?u=UAT0267,2018-03-15,1995-02-15,Potential Candidate,2.8,B,B,C,,0.56,B+,B,B+,Ongoing
UAT0268,Test Employee 268,Sales Executive,POS-1,T471,https://i.pravatar.cc/150?u=UAT0268,2012-04-15,1993-05-15,Unfit Employee,2.1,B,B,C,,0.42,BS,B,B+,Ongoing
UAT0269,Test Employee 269,Mechanic,POS-1,T000,https://i.pravatar.cc/150?u=UAT0269,2015-07-15,1982-09-15,,2.7,B,B,C,,0.54,C,B,B+,Not Started
UAT0270,Test Employee 270,Administration,POS-2,T471,https://i.pravatar.cc/150?u=UAT0270,2017-03-15,1975-04-15,Strong Performer,4.7,B,B,C,,0.93,B+,B,B+,
UAT0271,Test Employee 271,Service Advisor,POS-3,T471,https://i.pravatar.cc/150?u=UAT0271,2015-08-15,1974-09-15,Candidate,3.5,B,B,C,,0.69,C,B,B+,Ongoing
UAT0272,Test Employee 272,Branch Manager,POS-1,T000,https://i.pravatar.cc/150?u=UAT0272,2011-09-15,1997-04-15,Career Person,3.9,B,B,C,,0.78,K,B,B+,Ongoing
UAT0273,Test Employee 273,Branch Manager,POS-4,T471,https://i.pravatar.cc/150?u=UAT0273,2010-09-15,1996-06-15,Potential Candidate,4.3,B,B,C,,0.87,K,B,B+,Ongoing
UAT0274,Test Employee 274,Branch Manager,POS-5,T471,https://i.pravatar.cc/150?u=UAT0274,2014-05-15,1970-05-15,Unfit Employee,3.0,B,B,C,,0.60,BS,B,B+,Ongoing
UAT0275,Test Employee 275,Mechanic,POS-4,T207,,2019-09-15,1981-05-15,,4.3,B,B,C,,0.87,B,B,B+,Ongoing
UAT0276,Test Employee 276,Branch Manager,POS-2,T700,https://i.pravatar.cc/150?u=UAT0276,2014-03-15,1983-02-15,Strong Performer,5.0,B,B,C,,1.00,BS,B,B+,Ongoing
UAT0277,Test Employee 277,Mechanic,POS-1,T700,https://i.pravatar.cc/150?u=UAT0277,2017-02-15,1995-01-15,Candidate,3.4,B,B,C,,0.67,B,B,B+,Not Started
UAT0278,Test Employee 278,Branch Manager,POS-5,T207,https://i.pravatar.cc/150?u=UAT0278,2012-06-15,1984-01-15,Career Person,4.2,B,B,C,,0.83,,,,Not Started
UAT0279,Test Employee 279,Mechanic,POS-1,T471,https://i.pravatar.cc/150?u=UAT0279,2013-01-15,1979-05-15,Potential Candidate,3.6,B,B,C,,0.72,C,B,B+,Completed
UAT0280,Test Employee 280,Branch Manager,POS-5,T700,https://i.pravatar.cc/150?u=UAT0280,2018-03-15,1977-05-15,Unfit Employee,2.6,B,B,C,,0.53,B,B,B+,
UAT0281,Test Employee 281,Service Advisor,POS-3,T207,https://i.pravatar.cc/150?u=UAT0281,2017-04-15,1984-06-15,,4.5,B,B,C,,0.89,BS,B,B+,
UAT0282,Test Employee 282,Administration,POS-2,T000,https://i.pravatar.cc/150?u=UAT0282,2013-07-15,1981-07-15,Strong Performer,4.9,B,B,C,,0.98,B+,B,B+,Ongoing
UAT0283,Test Employee 283,Sales Executive,POS-5,T207,https://i.pravatar.cc/150?u=UAT0283,2014-06-15,1987-02-15,Candidate,3.1,B,B,C,,0.63,K,B,B+,
UAT0284,Test Employee 284,Branch Manager,POS-5,T700,https://i.pravatar.cc/150?u=UAT0284,2014-08-15,1987-04-15,Career Person,3.7,B,B,C,,0.74,BS,B,B+,Ongoing
UAT0285,Test Employee 285,Service Advisor,POS-2,T700,https://i.pravatar.cc/150?u=UAT0285,2018-07-15,1972-03-15,Potential Candidate,3.1,B,B,C,,0.62,K,B,B+,
UAT0286,Test Employee 286,Branch Manager,POS-4,T207,https://i.pravatar.cc/150?u=UAT0286,2014-03-15,1993-01-15,Unfit Employee,2.7,B,B,C,,0.54,B+,B,B+,Ongoing
UAT0287,Test Employee 287,Service Advisor,POS-3,T471,https://i.pravatar.cc/150?u=UAT0287,2010-08-15,1976-08-15,,4.3,B,B,C,,0.85,C+,B,B+,Ongoing
UAT0288,Test Employee 288,Mechanic,POS-1,T207,https://i.pravatar.cc/150?u=UAT0288,2019-02-15,1995-05-15,Strong Performer,4.8,B,B,C,,0.96,BS,B,B+,
UAT0289,Test Employee 289,Sales Executive,POS-2,T000,https://i.pravatar.cc/150?u=UAT0289,2015-07-15,1986-06-15,Candidate,2.8,B,B,C,,0.55,B+,B,B+,
UAT0290,Test Employee 290,Sales Executive,POS-4,T000,https://i.pravatar.cc/150?u=UAT0290,2015-09-15,1995-01-15,Career Person,3.0,B,B,C,,0.59,B+,B,B+,Ongoing
UAT0291,Test Employee 291,Mechanic,POS-5,T207,https://i.pravatar.cc/150?u=UAT0291,2013-04-15,1994-04-15,Potential Candidate,4.7,B,B,C,,0.93,C,B,B+,Not Started
UAT0292,Test Employee 292,Mechanic,POS-1,T000,https://i.pravatar.cc/150?u=UAT0292,2017-08-15,1991-03-15,Unfit Employee,2.4,B,B,C,,0.48,BS,B,B+,
UAT0293,Test Employee 293,Mechanic,POS-2,T000,https://i.pravatar.cc/150?u=UAT0293,2010-03-15,1997-02-15,,3.4,B,B,C,,0.68,,,,Ongoing
UAT0294,Test Employee 294,Mechanic,POS-1,T000,https://i.pravatar.cc/150?u=UAT0294,2017-06-15,1992-06-15,Strong Performer,4.5,B,B,C,,0.90,BS,B,B+,Not Started
UAT0295,Test Employee 295,Branch Manager,POS-2,T471,https://i.pravatar.cc/150?u=UAT0295,2014-02-15,1996-06-15,Candidate,4.3,B,B,C,,0.87,K,B,B+,
UAT0296,Test Employee 296,Mechanic,POS-3,T207,https://i.pravatar.cc/150?u=UAT0296,2010-02-15,1984-09-15,Career Person,3.8,B,B,C,,0.76,C,B,B+,
UAT0297,Test Employee 297,Administration,POS-3,T000,https://i.pravatar.cc/150?u=UAT0297,2011-06-15,1999-04-15,Potential Candidate,3.6,B,B,C,,0.73,C,B,B+,Not Started
UAT0298,Test Employee 298,Mechanic,POS-4,T471,https://i.pravatar.cc/150?u=UAT0298,2015-06-15,1990-01-15,Unfit Employee,2.3,B,B,C,,0.46,B,B,B+,Completed
UAT0299,Test Employee 299,Mechanic,POS-1,T700,https://i.pravatar.cc/150?u=UAT0299,2011-07-15,1981-05-15,,3.8,B,B,C,,0.75,K,B,B+,
UAT0300,Test Employee 300,Branch Manager,POS-5,T000,,2012-09-15,1973-01-15,Strong Performer,4.6,B,B,C,,0.92,BS,B,B+,
UAT0301,Test Employee 301,Mechanic,POS-5,T700,https://i.pravatar.cc/150?u=UAT0301,2010-09-15,1992-06-15,Candidate,3.6,B,B,C,,0.72,B,B,B+,
UAT0302,Test Employee 302,Service Advisor,POS-3,T207,https://i.pravatar.cc/150?u=UAT0302,2019-02-15,1970-08-15,Career Person,4.8,B,B,C,,0.95,B+,B,B+,Not Started
UAT0303,Test Employee 303,Branch Manager,POS-2,T471,https://i.pravatar.cc/150?u=UAT0303,2013-07-15,1991-05-15,Potential Candidate,3.7,B,B,C,,0.74,B+,B,B+,
UAT0304,Test Employee 304,Administration,POS-5,T000,https://i.pravatar.cc/150?u=UAT0304,2016-09-15,1977-08-15,Unfit Employee,2.7,B,B,C,,0.54,B+,B,B+,Not Started
UAT0305,Test Employee 305,Mechanic,POS-4,T207,https://i.pravatar.cc/150?u=UAT0305,2019-07-15,1981-02-15,,3.8,B,B,C,,0.75,,,,
UAT0306,Test Employee 306,Service Advisor,POS-4,T207,https://i.pravatar.cc/150?u=UAT0306,2015-08-15,1988-02-15,Strong Performer,5.0,B,B,C,,0.99,BS,B,B+,Not Started
UAT0307,Test Employee 307,Mechanic,POS-5,T471,https://i.pravatar.cc/150?u=UAT0307,2015-01-15,1985-01-15,Candidate,3.1,B,B,C,,0.62,,,,Ongoing
UAT0308,Test Employee 308,Administration,POS-2,T000,https://i.pravatar.cc/150?u=UAT0308,2019-01-15,1988-09-15,Career Person,4.0,B,B,C,,0.80,B+,B,B+,Not Started
UAT0309,Test Employee 309,Mechanic,POS-1,T000,https://i.pravatar.cc/150?u=UAT0309,2018-04-15,1998-03-15,Potential Candidate,3.1,B,B,C,,0.63,BS,B,B+,Not Started
UAT0310,Test Employee 310,Branch Manager,POS-5,T700,https://i.pravatar.cc/150?u=UAT0310,2017-04-15,1972-03-15,Unfit Employee,2.4,B,B,C,,0.48,C,B,B+,Not Started
UAT0311,Test Employee 311,Administration,POS-5,T000,https://i.pravatar.cc/150?u=UAT0311,2013-05-15,1986-07-15,,3.7,B,B,C,,0.74,C+,B,B+,Not Started
UAT0312,Test Employee 312,Service Advisor,POS-3,T700,https://i.pravatar.cc/150?u=UAT0312,2014-04-15,1996-03-15,Strong Performer,4.8,B,B,C,,0.95,B+,B,B+,Ongoing
UAT0313,Test Employee 313,Service Advisor,POS-3,T207,https://i.pravatar.cc/150?u=UAT0313,2014-02-15,1998-01-15,Candidate,3.4,B,B,C,,0.67,B,B,B+,Ongoing
UAT0314,Test Employee 314,Mechanic,POS-4,T700,https://i.pravatar.cc/150?u=UAT0314,2014-04-15,1994-07-15,Career Person,3.1,B,B,C,,0.63,C,B,B+,
UAT0315,Test Employee 315,Mechanic,POS-5,T700,https://i.pravatar.cc/150?u=UAT0315,2014-06-15,1977-09-15,Potential Candidate,2.6,B,B,C,,0.52,C+,B,B+,
UAT0316,Test Employee 316,Service Advisor,POS-2,T700,https://i.pravatar.cc/150?u=UAT0316,2010-08-15,1972-01-15,Unfit Employee,2.0,B,B,C,,0.40,B+,B,B+,Not Started
UAT0317,Test Employee 317,Mechanic,POS-5,T207,https://i.pravatar.cc/150?u=UAT0317,2012-04-15,1974-08-15,,2.8,B,B,C,,0.56,K,B,B+,Ongoing
UAT0318,Test Employee 318,Sales Executive,POS-2,T700,https://i.pravatar.cc/150?u=UAT0318,2010-06-15,1982-07-15,Strong Performer,5.0,B,B,C,,0.99,BS,B,B+,Completed
UAT0319,Test Employee 319,Administration,POS-3,T207,https://i.pravatar.cc/150?u=UAT0319,2014-03-15,1996-09-15,Candidate,4.0,B,B,C,,0.79,BS,B,B+,Not Started
UAT0320,Test Employee 320,Branch Manager,POS-2,T700,https://i.pravatar.cc/150?u=UAT0320,2013-05-15,1992-03-15,Career Person,,B,B,C,,,B,B,B+,Completed
UAT0321,Test Employee 321,Sales Executive,POS-3,T000,https://i.pravatar.cc/150?u=UAT0321,2018-07-15,1977-03-15,Potential Candidate,3.6,B,B,C,,0.73,B+,B,B+,
UAT0322,Test Employee 322,Administration,POS-1,T471,https://i.pravatar.cc/150?u=UAT0322,2017-08-15,1992-01-15,Unfit Employee,3.0,B,B,C,,0.60,K,B,B+,Not Started
UAT0323,Test Employee 323,Administration,POS-1,T207,https://i.pravatar.cc/150?u=UAT0323,2019-05-15,1997-07-15,,3.1,B,B,C,,0.62,K,B,B+,Ongoing
UAT0324,Test Employee 324,Sales Executive,POS-2,T207,https://i.pravatar.cc/150?u=UAT0324,2013-04-15,1975-02-15,Strong Performer,4.5,B,B,C,,0.91,B+,B,B+,Completed
UAT0325,Test Employee 325,Sales Executive,POS-2,T471,,2013-07-15,1979-01-15,Candidate,4.6,B,B,C,,0.92,C+,B,B+,
UAT0326,Test Employee 326,Administration,POS-5,T000,https://i.pravatar.cc/150?u=UAT0326,2015-08-15,1999-08-15,Career Person,4.8,B,B,C,,0.95,B+,B,B+,Not Started
UAT0327,Test Employee 327,Branch Manager,POS-4,T471,https://i.pravatar.cc/150?u=UAT0327,2012-03-15,1985-04-15,Potential Candidate,4.3,B,B,C,,0.87,C+,B,B+,Not Started
UAT0328,Test Employee 328,Branch Manager,POS-2,T000,https://i.pravatar.cc/150?u=UAT0328,2014-02-15,1995-05-15,Unfit Employee,2.9,B,B,C,,0.57,C+,B,B+,
UAT0329,Test Employee 329,Mechanic,POS-3,T471,https://i.pravatar.cc/150?u=UAT0329,2019-05-15,1990-05-15,,3.6,B,B,C,,0.72,,,,Not Started
UAT0330,Test Employee 330,Branch Manager,POS-3,T700,https://i.pravatar.cc/150?u=UAT0330,2019-01-15,1970-08-15,Strong Performer,4.7,B,B,C,,0.94,B+,B,B+,
UAT0331,Test Employee 331,Branch Manager,POS-1,T207,https://i.pravatar.cc/150?u=UAT0331,2010-02-15,1999-06-15,Candidate,4.1,B,B,C,,0.82,B+,B,B+,Completed
UAT0332,Test Employee 332,Service Advisor,POS-3,T000,https://i.pravatar.cc/150?u=UAT0332,2016-09-15,1987-07-15,Career Person,3.0,B,B,C,,0.60,C+,B,B+,Ongoing
UAT0333,Test Employee 333,Mechanic,POS-5,T471,https://i.pravatar.cc/150?u=UAT0333,2018-07-15,1993-02-15,Potential Candidate,3.9,B,B,C,,0.78,C+,B,B+,Completed
UAT0334,Test Employee 334,Service Advisor,POS-5,T000,https://i.pravatar.cc/150?u=UAT0334,2013-08-15,1994-03-15,Unfit Employee,2.0,B,B,C,,0.41,,,,Completed
UAT0335,Test Employee 335,Administration,POS-4,T207,https://i.pravatar.cc/150?u=UAT0335,2015-08-15,1990-06-15,,4.6,B,B,C,,0.92,K,B,B+,
UAT0336,Test Employee 336,Sales Executive,POS-3,T471,https://i.pravatar.cc/150?u=UAT0336,2010-09-15,1973-07-15,Strong Performer,4.9,B,B,C,,0.98,B+,B,B+,Not Started
UAT0337,Test Employee 337,Mechanic,POS-5,T471,https://i.pravatar.cc/150?u=UAT0337,2011-07-15,1989-06-15,Candidate,4.4,B,B,C,,0.88,C+,B,B+,Completed
UAT0338,Test Employee 338,Service Advisor,POS-2,T207,https://i.pravatar.cc/150?u=UAT0338,2012-07-15,1979-08-15,Career Person,4.3,B,B,C,,0.85,,,,Not Started
UAT0339,Test Employee 339,Service Advisor,POS-5,T700,https://i.pravatar.cc/150?u=UAT0339,2018-01-15,1981-07-15,Potential Candidate,3.7,B,B,C,,0.74,B+,B,B+,Completed
UAT0340,Test Employee 340,Administration,POS-1,T700,https://i.pravatar.cc/150?u=UAT0340,2015-01-15,1978-06-15,Unfit Employee,2.3,B,B,C,,0.46,,,,Completed
UAT0341,Test Employee 341,Service Advisor,POS-5,T471,https://i.pravatar.cc/150?u=UAT0341,2012-03-15,1987-08-15,,3.9,B,B,C,,0.78,C+,B,B+,
UAT0342,Test Employee 342,Sales Executive,POS-1,T000,https://i.pravatar.cc/150?u=UAT0342,2018-08-15,1999-03-15,Strong Performer,4.8,B,B,C,,0.97,B+,B,B+,Ongoing
UAT0343,Test Employee 343,Branch Manager,POS-4,T000,https://i.pravatar.cc/150?u=UAT0343,2019-08-15,1980-09-15,Candidate,3.8,B,B,C,,0.76,,,,Completed
UAT0344,Test Employee 344,Mechanic,POS-5,T000,https://i.pravatar.cc/150?u=UAT0344,2010-09-15,1993-04-15,Career Person,3.4,B,B,C,,0.67,C+,B,B+,Not Started
UAT0345,Test Employee 345,Mechanic,POS-5,T471,https://i.pravatar.cc/150?u=UAT0345,2011-04-15,1976-03-15,Potential Candidate,4.1,B,B,C,,0.82,C+,B,B+,
UAT0346,Test Employee 346,Sales Executive,POS-1,T471,https://i.pravatar.cc/150?u=UAT0346,2012-05-15,1977-01-15,Unfit Employee,2.5,B,B,C,,0.49,,,,Ongoing
UAT0347,Test Employee 347,Mechanic,POS-5,T207,https://i.pravatar.cc/150?u=UAT0347,2015-05-15,1997-04-15,,3.6,B,B,C,,0.72,B,B,B+,
UAT0348,Test Employee 348,Administration,POS-3,T700,https://i.pravatar.cc/150?u=UAT0348,2016-04-15,1978-02-15,Strong Performer,5.0,B,B,C,,1.00,BS,B,B+,Ongoing
UAT0349,Test Employee 349,Administration,POS-3,T471,https://i.pravatar.cc/150?u=UAT0349,2017-04-15,1988-01-15,Candidate,4.0,B,B,C,,0.80,C,B,B+,Ongoing
UAT0350,Test Employee 350,Mechanic,POS-5,T207,,2012-06-15,1981-01-15,Career Person,4.2,B,B,C,,0.84,,,,Completed
UAT0351,Test Employee 351,Administration,POS-1,T471,https://i.pravatar.cc/150?u=UAT0351,2015-08-15,1997-02-15,Potential Candidate,4.2,B,B,C,,0.84,,,,Not Started
UAT0352,Test Employee 352,Administration,POS-4,T700,https://i.pravatar.cc/150?u=UAT0352,2013-09-15,1980-08-15,Unfit Employee,2.8,B,B,C,,0.56,C,B,B+,Not Started
UAT0353,Test Employee 353,Mechanic,POS-5,T207,https://i.pravatar.cc/150?u=UAT0353,2017-08-15,1995-04-15,,3.8,B,B,C,,0.76,C,B,B+,Ongoing
UAT0354,Test Employee 354,Service Advisor,POS-3,T207,https://i.pravatar.cc/150?u=UAT0354,2017-06-15,1996-09-15,Strong Performer,4.6,B,B,C,,0.92,B+,B,B+,Ongoing
UAT0355,Test Employee 355,Branch Manager,POS-1,T471,https://i.pravatar.cc/150?u=UAT0355,2013-04-15,1970-03-15,Candidate,4.8,B,B,C,,0.95,C,B,B+,Completed
UAT0356,Test Employee 356,Service Advisor,POS-1,T207,https://i.pravatar.cc/150?u=UAT0356,2011-03-15,1991-01-15,Career Person,2.7,B,B,C,,0.54,K,B,B+,
UAT0357,Test Employee 357,Sales Executive,POS-4,T000,https://i.pravatar.cc/150?u=UAT0357,2011-03-15,1973-05-15,Potential Candidate,4.7,B,B,C,,0.93,B+,B,B+,
UAT0358,Test Employee 358,Service Advisor,POS-2,T207,https://i.pravatar.cc/150?u=UAT0358,2012-05-15,1990-05-15,Unfit Employee,2.2,B,B,C,,0.44,BS,B,B+,
UAT0359,Test Employee 359,Administration,POS-3,T000,https://i.pravatar.cc/150?u=UAT0359,2018-05-15,1983-05-15,,3.5,B,B,C,,0.71,BS,B,B+,Completed
UAT0360,Test Employee 360,Service Advisor,POS-2,T000,https://i.pravatar.cc/150?u=UAT0360,2019-01-15,1978-06-15,Strong Performer,4.9,B,B,C,,0.98,B+,B,B+,
UAT0361,Test Employee 361,Administration,POS-4,T700,https://i.pravatar.cc/150?u=UAT0361,2011-08-15,1974-06-15,Candidate,4.0,B,B,C,,0.79,BS,B,B+,
UAT0362,Test Employee 362,Service Advisor,POS-3,T000,https://i.pravatar.cc/150?u=UAT0362,2014-03-15,1982-06-15,Career Person,2.5,B,B,C,,0.50,B,B,B+,Completed
UAT0363,Test Employee 363,Administration,POS-2,T471,https://i.pravatar.cc/150?u=UAT0363,2010-08-15,1999-04-15,Potential Candidate,3.1,B,B,C,,0.63,,,,Not Started
UAT0364,Test Employee 364,Mechanic,POS-2,T700,https://i.pravatar.cc/150?u=UAT0364,2014-01-15,1984-09-15,Unfit Employee,2.6,B,B,C,,0.53,C,B,B+,Completed
UAT0365,Test Employee 365,Service Advisor,POS-4,T700,https://i.pravatar.cc/150?u=UAT0365,2015-09-15,1990-08-15,,4.2,B,B,C,,0.84,K,B,B+,Completed
UAT0366,Test Employee 366,Administration,POS-4,T000,https://i.pravatar.cc/150?u=UAT0366,2015-01-15,1992-05-15,Strong Performer,4.6,B,B,C,,0.92,B+,B,B+,Completed
UAT0367,Test Employee 367,Mechanic,POS-5,T700,https://i.pravatar.cc/150?u=UAT0367,2018-06-15,1995-04-15,Candidate,3.4,B,B,C,,0.67,C,B,B+,Not Started
UAT0368,Test Employee 368,Sales Executive,POS-5,T207,https://i.pravatar.cc/150?u=UAT0368,2016-09-15,1988-04-15,Career Person,3.7,B,B,C,,0.74,C+,B,B+,Not Started
UAT0369,Test Employee 369,Service Advisor,POS-1,T700,https://i.pravatar.cc/150?u=UAT0369,2015-08-15,1989-08-15,Potential Candidate,2.9,B,B,C,,0.58,K,B,B+,Ongoing
UAT0370,Test Employee 370,Mechanic,POS-5,T000,https://i.pravatar.cc/150?u=UAT0370,2017-02-15,1974-09-15,Unfit Employee,2.5,B,B,C,,0.49,B,B,B+,Not Started
UAT0371,Test Employee 371,Mechanic,POS-5,T700,https://i.pravatar.cc/150?u=UAT0371,2011-09-15,1995-07-15,,4.7,B,B,C,,0.93,B,B,B+,
UAT0372,Test Employee 372,Mechanic,POS-1,T471,https://i.pravatar.cc/150?u=UAT0372,2011-08-15,1992-06-15,Strong Performer,4.5,B,B,C,,0.90,B+,B,B+,
UAT0373,Test Employee 373,Branch Manager,POS-1,T000,https://i.pravatar.cc/150?u=UAT0373,2013-06-15,1986-09-15,Candidate,4.5,B,B,C,,0.89,BS,B,B+,Ongoing
UAT0374,Test Employee 374,Sales Executive,POS-3,T700,https://i.pravatar.cc/150?u=UAT0374,2013-04-15,1972-01-15,Career Person,3.9,B,B,C,,0.78,C+,B,B+,Completed
UAT0375,Test Employee 375,Sales Executive,POS-2,T700,,2017-01-15,1972-05-15,Potential Candidate,3.5,B,B,C,,0.69,B+,B,B+,
UAT0376,Test Employee 376,Mechanic,POS-5,T471,https://i.pravatar.cc/150?u=UAT0376,2015-05-15,1995-07-15,Unfit Employee,3.0,B,B,C,,0.59,C,B,B+,Ongoing
UAT0377,Test Employee 377,Sales Executive,POS-1,T700,https://i.pravatar.cc/150?u=UAT0377,2015-05-15,1993-07-15,,2.8,B,B,C,,0.56,K,B,B+,
UAT0378,Test Employee 378,Administration,POS-2,T000,https://i.pravatar.cc/150?u=UAT0378,2019-09-15,1995-08-15,Strong Performer,4.8,B,B,C,,0.95,B+,B,B+,Ongoing
UAT0379,Test Employee 379,Mechanic,POS-5,T700,https://i.pravatar.cc/150?u=UAT0379,2010-05-15,1975-05-15,Candidate,3.6,B,B,C,,0.72,,,,Not Started
UAT0380,Test Employee 380,Mechanic,POS-2,T207,https://i.pravatar.cc/150?u=UAT0380,2017-06-15,1977-03-15,Career Person,,B,B,C,,,B+,B,B+,
UAT0381,Test Employee 381,Mechanic,POS-1,T207,https://i.pravatar.cc/150?u=UAT0381,2016-09-15,1989-03-15,Potential Candidate,4.2,B,B,C,,0.83,C,B,B+,Completed
UAT0382,Test Employee 382,Service Advisor,POS-4,T207,https://i.pravatar.cc/150?u=UAT0382,2010-06-15,1974-01-15,Unfit Employee,2.2,B,B,C,,0.44,,,,Ongoing
UAT0383,Test Employee 383,Administration,POS-1,T471,https://i.pravatar.cc/150?u=UAT0383,2017-06-15,1984-01-15,,4.2,B,B,C,,0.84,BS,B,B+,
UAT0384,Test Employee 384,Administration,POS-4,T000,https://i.pravatar.cc/150?u=UAT0384,2014-01-15,1991-07-15,Strong Performer,4.7,B,B,C,,0.93,BS,B,B+,
UAT0385,Test Employee 385,Sales Executive,POS-5,T000,https://i.pravatar.cc/150?u=UAT0385,2017-03-15,1995-04-15,Candidate,4.7,B,B,C,,0.93,C,B,B+,
UAT0386,Test Employee 386,Sales Executive,POS-1,T000,https://i.pravatar.cc/150?u=UAT0386,2010-06-15,1983-05-15,Career Person,3.8,B,B,C,,0.76,C,B,B+,
UAT0387,Test Employee 387,Branch Manager,POS-1,T700,https://i.pravatar.cc/150?u=UAT0387,2018-05-15,1972-09-15,Potential Candidate,3.8,B,B,C,,0.76,B,B,B+,Ongoing
UAT0388,Test Employee 388,Mechanic,POS-4,T000,https://i.pravatar.cc/150?u=UAT0388,2010-06-15,1985-05-15,Unfit Employee,2.8,B,B,C,,0.56,K,B,B+,
UAT0389,Test Employee 389,Mechanic,POS-1,T471,https://i.pravatar.cc/150?u=UAT0389,2015-09-15,1987-07-15,,3.0,B,B,C,,0.59,B,B,B+,Ongoing
UAT0390,Test Employee 390,Mechanic,POS-4,T471,https://i.pravatar.cc/150?u=UAT0390,2011-06-15,1999-06-15,Strong Performer,5.0,B,B,C,,0.99,B+,B,B+,
UAT0391,Test Employee 391,Administration,POS-3,T000,https://i.pravatar.cc/150?u=UAT0391,2012-05-15,1977-04-15,Candidate,3.3,B,B,C,,0.66,B+,B,B+,
UAT0392,Test Employee 392,Service Advisor,POS-4,T471,https://i.pravatar.cc/150?u=UAT0392,2011-02-15,1975-09-15,Career Person,4.0,B,B,C,,0.79,B,B,B+,
UAT0393,Test Employee 393,Branch Manager,POS-5,T207,https://i.pravatar.cc/150?u=UAT0393,2016-02-15,1973-03-15,Potential Candidate,4.5,B,B,C,,0.89,C+,B,B+,
UAT0394,Test Employee 394,Branch Manager,POS-3,T207,https://i.pravatar.cc/150?u=UAT0394,2013-06-15,1984-01-15,Unfit Employee,2.3,B,B,C,,0.45,,,,
UAT0395,Test Employee 395,Administration,POS-2,T207,https://i.pravatar.cc/150?u=UAT0395,2014-02-15,1973-09-15,,2.5,B,B,C,,0.50,B+,B,B+,
UAT0396,Test Employee 396,Sales Executive,POS-2,T471,https://i.pravatar.cc/150?u=UAT0396,2018-09-15,1977-06-15,Strong Performer,5.0,B,B,C,,1.00,BS,B,B+,
UAT0397,Test Employee 397,Mechanic,POS-2,T000,https://i.pravatar.cc/150?u=UAT0397,2017-01-15,1988-09-15,Candidate,4.5,B,B,C,,0.90,C,B,B+,Not Started
UAT0398,Test Employee 398,Service Advisor,POS-1,T700,https://i.pravatar.cc/150?u=UAT0398,2010-05-15,1970-08-15,Career Person,2.6,B,B,C,,0.53,K,B,B+,
UAT0399,Test Employee 399,Sales Executive,POS-3,T000,https://i.pravatar.cc/150?u=UAT0399,2015-02-15,1994-08-15,Potential Candidate,4.7,B,B,C,,0.94,K,B,B+,
UAT0400,Test Employee 400,Sales Executive,POS-2,T000,,2012-07-15,1990-08-15,Unfit Employee,2.9,B,B,C,,0.57,K,B,B+,Not Started
UAT0401,Test Employee 401,Administration,POS-3,T000,https://i.pravatar.cc/150?u=UAT0401,2017-03-15,1985-03-15,,3.7,B,B,C,,0.74,B,B,B+,Ongoing
UAT0402,Test Employee 402,Mechanic,POS-5,T207,https://i.pravatar.cc/150?u=UAT0402,2010-03-15,1981-04-15,Strong Performer,4.8,B,B,C,,0.95,B+,B,B+,Completed
UAT0403,Test Employee 403,Sales Executive,POS-1,T471,https://i.pravatar.cc/150?u=UAT0403,2010-05-15,1989-01-15,Candidate,2.9,B,B,C,,0.58,B,B,B+,Ongoing
UAT0404,Test Employee 404,Mechanic,POS-4,T207,https://i.pravatar.cc/150?u=UAT0404,2015-09-15,1980-02-15,Career Person,3.8,B,B,C,,0.76,B+,B,B+,Ongoing
UAT0405,Test Employee 405,Sales Executive,POS-2,T207,https://i.pravatar.cc/150?u=UAT0405,2019-02-15,1996-09-15,Potential Candidate,4.5,B,B,C,,0.89,BS,B,B+,
UAT0406,Test Employee 406,Sales Executive,POS-2,T471,https://i.pravatar.cc/150?u=UAT0406,2013-09-15,1987-01-15,Unfit Employee,2.9,B,B,C,,0.58,BS,B,B+,Not Started
UAT0407,Test Employee 407,Service Advisor,POS-5,T207,https://i.pravatar.cc/150?u=UAT0407,2017-05-15,1994-05-15,,3.1,B,B,C,,0.62,B+,B,B+,Completed
UAT0408,Test Employee 408,Sales Executive,POS-4,T471,https://i.pravatar.cc/150?u=UAT0408,2013-08-15,1981-07-15,Strong Performer,4.7,B,B,C,,0.93,BS,B,B+,Completed
UAT0409,Test Employee 409,Sales Executive,POS-4,T471,https://i.pravatar.cc/150?u=UAT0409,2011-09-15,1971-04-15,Candidate,3.5,B,B,C,,0.70,,,,Not Started
UAT0410,Test Employee 410,Administration,POS-3,T000,https://i.pravatar.cc/150?u=UAT0410,2011-04-15,1995-03-15,Career Person,4.7,B,B,C,,0.93,BS,B,B+,Ongoing
UAT0411,Test Employee 411,Administration,POS-1,T700,https://i.pravatar.cc/150?u=UAT0411,2018-03-15,1995-03-15,Potential Candidate,2.9,B,B,C,,0.57,BS,B,B+,
UAT0412,Test Employee 412,Service Advisor,POS-5,T471,https://i.pravatar.cc/150?u=UAT0412,2013-09-15,1997-01-15,Unfit Employee,3.0,B,B,C,,0.60,,,,Not Started
UAT0413,Test Employee 413,Branch Manager,POS-2,T000,https://i.pravatar.cc/150?u=UAT0413,2014-01-15,1987-05-15,,3.7,B,B,C,,0.74,B,B,B+,Not Started
UAT0414,Test Employee 414,Mechanic,POS-1,T000,https://i.pravatar.cc/150?u=UAT0414,2011-01-15,1978-07-15,Strong Performer,4.9,B,B,C,,0.98,B+,B,B+,Not Started
UAT0415,Test Employee 415,Branch Manager,POS-5,T471,https://i.pravatar.cc/150?u=UAT0415,2015-09-15,1979-05-15,Candidate,3.3,B,B,C,,0.65,C+,B,B+,Completed
UAT0416,Test Employee 416,Service Advisor,POS-5,T000,https://i.pravatar.cc/150?u=UAT0416,2017-03-15,1999-03-15,Career Person,4.5,B,B,C,,0.89,BS,B,B+,Not Started
UAT0417,Test Employee 417,Mechanic,POS-5,T000,https://i.pravatar.cc/150?u=UAT0417,2014-06-15,1975-03-15,Potential Candidate,3.4,B,B,C,,0.68,,,,Ongoing
UAT0418,Test Employee 418,Administration,POS-4,T700,https://i.pravatar.cc/150?u=UAT0418,2010-06-15,1978-03-15,Unfit Employee,2.5,B,B,C,,0.51,B+,B,B+,Not Started
UAT0419,Test Employee 419,Administration,POS-3,T471,https://i.pravatar.cc/150?u=UAT0419,2017-01-15,1971-03-15,,4.3,B,B,C,,0.86,C+,B,B+,Not Started
UAT0420,Test Employee 420,Service Advisor,POS-5,T207,https://i.pravatar.cc/150?u=UAT0420,2018-09-15,1974-01-15,Strong Performer,4.5,B,B,C,,0.91,BS,B,B+,
UAT0421,Test Employee 421,Sales Executive,POS-5,T207,https://i.pravatar.cc/150?u=UAT0421,2018-03-15,1984-09-15,Candidate,2.8,B,B,C,,0.56,B+,B,B+,
UAT0422,Test Employee 422,Service Advisor,POS-2,T000,https://i.pravatar.cc/150?u=UAT0422,2013-07-15,1983-04-15,Career Person,2.9,B,B,C,,0.57,C+,B,B+,Ongoing
UAT0423,Test Employee 423,Administration,POS-3,T000,https://i.pravatar.cc/150?u=UAT0423,2013-09-15,1989-07-15,Potential Candidate,4.5,B,B,C,,0.89,,,,Completed
UAT0424,Test Employee 424,Branch Manager,POS-5,T207,https://i.pravatar.cc/150?u=UAT0424,2014-08-15,1972-02-15,Unfit Employee,3.0,B,B,C,,0.59,C+,B,B+,Ongoing
UAT0425,Test Employee 425,Service Advisor,POS-3,T000,,2014-03-15,1995-03-15,,3.3,B,B,C,,0.66,C+,B,B+,Ongoing
UAT0426,Test Employee 426,Sales Executive,POS-2,T207,https://i.pravatar.cc/150?u=UAT0426,2015-08-15,1984-06-15,Strong Performer,4.8,B,B,C,,0.96,BS,B,B+,
UAT0427,Test Employee 427,Mechanic,POS-4,T471,https://i.pravatar.cc/150?u=UAT0427,2014-06-15,1988-07-15,Candidate,2.8,B,B,C,,0.55,C+,B,B+,Not Started
UAT0428,Test Employee 428,Administration,POS-4,T207,https://i.pravatar.cc/150?u=UAT0428,2013-07-15,1973-07-15,Career Person,3.3,B,B,C,,0.66,,,,Ongoing
UAT0429,Test Employee 429,Mechanic,POS-1,T471,https://i.pravatar.cc/150?u=UAT0429,2011-05-15,1977-09-15,Potential Candidate,4.4,B,B,C,,0.88,C,B,B+,Not Started
UAT0430,Test Employee 430,Administration,POS-4,T000,https://i.pravatar.cc/150?u=UAT0430,2010-03-15,1978-08-15,Unfit Employee,2.8,B,B,C,,0.55,C,B,B+,Completed
UAT0431,Test Employee 431,Service Advisor,POS-4,T000,https://i.pravatar.cc/150?u=UAT0431,2010-06-15,1995-01-15,,4.3,B,B,C,,0.86,K,B,B+,Ongoing
UAT0432,Test Employee 432,Branch Manager,POS-3,T471,https://i.pravatar.cc/150?u=UAT0432,2018-01-15,1994-01-15,Strong Performer,4.9,B,B,C,,0.98,BS,B,B+,Ongoing
UAT0433,Test Employee 433,Administration,POS-5,T700,https://i.pravatar.cc/150?u=UAT0433,2016-02-15,1980-09-15,Candidate,3.0,B,B,C,,0.60,B,B,B+,Ongoing
UAT0434,Test Employee 434,Mechanic,POS-4,T471,https://i.pravatar.cc/150?u=UAT0434,2013-07-15,1994-01-15,Career Person,2.8,B,B,C,,0.55,C,B,B+,
UAT0435,Test Employee 435,Branch Manager,POS-1,T000,https://i.pravatar.cc/150?u=UAT0435,2016-08-15,1995-01-15,Potential Candidate,2.8,B,B,C,,0.55,K,B,B+,
UAT0436,Test Employee 436,Service Advisor,POS-1,T000,https://i.pravatar.cc/150?u=UAT0436,2017-03-15,1971-02-15,Unfit Employee,3.0,B,B,C,,0.60,BS,B,B+,Completed
UAT0437,Test Employee 437,Sales Executive,POS-3,T207,https://i.pravatar.cc/150?u=UAT0437,2014-04-15,1972-03-15,,3.8,B,B,C,,0.75,BS,B,B+,Completed
UAT0438,Test Employee 438,Mechanic,POS-1,T207,https://i.pravatar.cc/150?u=UAT0438,2018-01-15,1987-06-15,Strong Performer,4.7,B,B,C,,0.93,B+,B,B+,Completed
UAT0439,Test Employee 439,Sales Executive,POS-3,T471,https://i.pravatar.cc/150?u=UAT0439,2018-06-15,1995-06-15,Candidate,2.5,B,B,C,,0.51,BS,B,B+,Completed
UAT0440,Test Employee 440,Administration,POS-2,T700,https://i.pravatar.cc/150?u=UAT0440,2019-02-15,1995-09-15,Career Person,,B,B,C,,,C+,B,B+,Ongoing
UAT0441,Test Employee 441,Branch Manager,POS-1,T471,https://i.pravatar.cc/150?u=UAT0441,2013-04-15,1974-08-15,Potential Candidate,3.0,B,B,C,,0.59,C,B,B+,Completed
UAT0442,Test Employee 442,Administration,POS-5,T000,https://i.pravatar.cc/150?u=UAT0442,2011-02-15,1990-03-15,Unfit Employee,2.2,B,B,C,,0.44,K,B,B+,Completed
UAT0443,Test Employee 443,Service Advisor,POS-5,T471,https://i.pravatar.cc/150?u=UAT0443,2011-05-15,1992-06-15,,3.0,B,B,C,,0.59,,,,Ongoing
UAT0444,Test Employee 444,Mechanic,POS-4,T000,https://i.pravatar.cc/150?u=UAT0444,2010-08-15,1983-04-15,Strong Performer,4.9,B,B,C,,0.98,B+,B,B+,Completed
UAT0445,Test Employee 445,Sales Executive,POS-5,T700,https://i.pravatar.cc/150?u=UAT0445,2017-06-15,1970-01-15,Candidate,4.2,B,B,C,,0.84,B,B,B+,Not Started
UAT0446,Test Employee 446,Branch Manager,POS-4,T207,https://i.pravatar.cc/150?u=UAT0446,2016-07-15,1970-01-15,Career Person,3.6,B,B,C,,0.72,K,B,B+,Completed
UAT0447,Test Employee 447,Sales Executive,POS-5,T471,https://i.pravatar.cc/150?u=UAT0447,2014-05-15,1975-01-15,Potential Candidate,2.6,B,B,C,,0.53,B,B,B+,Not Started
UAT0448,Test Employee 448,Service Advisor,POS-4,T471,https://i.pravatar.cc/150?u=UAT0448,2016-04-15,1973-08-15,Unfit Employee,2.9,B,B,C,,0.58,,,,Ongoing
UAT0449,Test Employee 449,Administration,POS-4,T471,https://i.pravatar.cc/150?u=UAT0449,2014-02-15,1991-02-15,,3.9,B,B,C,,0.77,C+,B,B+,
UAT0450,Test Employee 450,Administration,POS-3,T000,,2015-04-15,1993-07-15,Strong Performer,5.0,B,B,C,,1.00,B+,B,B+,
UAT0451,Test Employee 451,Branch Manager,POS-5,T000,https://i.pravatar.cc/150?u=UAT0451,2013-02-15,1979-07-15,Candidate,3.0,B,B,C,,0.59,K,B,B+,
UAT0452,Test Employee 452,Branch Manager,POS-4,T471,https://i.pravatar.cc/150?u=UAT0452,2016-04-15,1989-06-15,Career Person,4.1,B,B,C,,0.82,C+,B,B+,Not Started
UAT0453,Test Employee 453,Branch Manager,POS-5,T207,https://i.pravatar.cc/150?u=UAT0453,2014-05-15,1996-06-15,Potential Candidate,3.3,B,B,C,,0.65,BS,B,B+,Completed
UAT0454,Test Employee 454,Administration,POS-4,T000,https://i.pravatar.cc/150?u=UAT0454,2016-07-15,1978-01-15,Unfit Employee,2.0,B,B,C,,0.41,B,B,B+,Ongoing
UAT0455,Test Employee 455,Sales Executive,POS-3,T471,https://i.pravatar.cc/150?u=UAT0455,2015-04-15,1975-09-15,,4.7,B,B,C,,0.93,C,B,B+,Ongoing
UAT0456,Test Employee 456,Service Advisor,POS-1,T000,https://i.pravatar.cc/150?u=UAT0456,2013-04-15,1973-07-15,Strong Performer,4.8,B,B,C,,0.95,B+,B,B+,Completed
UAT0457,Test Employee 457,Mechanic,POS-1,T471,https://i.pravatar.cc/150?u=UAT0457,2010-09-15,1991-06-15,Candidate,2.6,B,B,C,,0.52,C+,B,B+,Ongoing
UAT0458,Test Employee 458,Service Advisor,POS-2,T207,https://i.pravatar.cc/150?u=UAT0458,2019-03-15,1975-09-15,Career Person,3.7,B,B,C,,0.74,C,B,B+,Completed
UAT0459,Test Employee 459,Administration,POS-2,T207,https://i.pravatar.cc/150?u=UAT0459,2013-04-15,1979-08-15,Potential Candidate,2.5,B,B,C,,0.50,BS,B,B+,Not Started
UAT0460,Test Employee 460,Service Advisor,POS-5,T471,https://i.pravatar.cc/150?u=UAT0460,2011-05-15,1995-08-15,Unfit Employee,2.8,B,B,C,,0.56,C,B,B+,Completed
UAT0461,Test Employee 461,Service Advisor,POS-1,T000,https://i.pravatar.cc/150?u=UAT0461,2018-03-15,1971-02-15,,4.5,B,B,C,,0.91,,,,Ongoing
UAT0462,Test Employee 462,Mechanic,POS-1,T000,https://i.pravatar.cc/150?u=UAT0462,2014-05-15,1970-02-15,Strong Performer,4.7,B,B,C,,0.93,B+,B,B+,
UAT0463,Test Employee 463,Branch Manager,POS-3,T207,https://i.pravatar.cc/150?u=UAT0463,2012-02-15,1997-05-15,Candidate,2.9,B,B,C,,0.57,C,B,B+,Completed
UAT0464,Test Employee 464,Service Advisor,POS-4,T700,https://i.pravatar.cc/150?u=UAT0464,2016-09-15,1975-04-15,Career Person,3.3,B,B,C,,0.65,B,B,B+,
UAT0465,Test Employee 465,Administration,POS-3,T207,https://i.pravatar.cc/150?u=UAT0465,2017-02-15,1994-08-15,Potential Candidate,3.8,B,B,C,,0.76,B,B,B+,
UAT0466,Test Employee 466,Administration,POS-1,T700,https://i.pravatar.cc/150?u=UAT0466,2019-08-15,1984-09-15,Unfit Employee,2.8,B,B,C,,0.56,B+,B,B+,
UAT0467,Test Employee 467,Mechanic,POS-4,T471,https://i.pravatar.cc/150?u=UAT0467,2016-04-15,1989-07-15,,4.2,B,B,C,,0.83,B+,B,B+,Not Started
UAT0468,Test Employee 468,Administration,POS-1,T000,https://i.pravatar.cc/150?u=UAT0468,2015-01-15,1971-09-15,Strong Performer,4.5,B,B,C,,0.90,BS,B,B+,
UAT0469,Test Employee 469,Service Advisor,POS-5,T207,https://i.pravatar.cc/150?u=UAT0469,2012-03-15,1975-01-15,Candidate,3.8,B,B,C,,0.75,C,B,B+,Completed
UAT0470,Test Employee 470,Sales Executive,POS-3,T000,https://i.pravatar.cc/150?u=UAT0470,2014-06-15,1975-04-15,Career Person,4.5,B,B,C,,0.89,,,,Completed
UAT0471,Test Employee 471,Service Advisor,POS-3,T700,https://i.pravatar.cc/150?u=UAT0471,2013-05-15,1970-05-15,Potential Candidate,4.0,B,B,C,,0.81,K,B,B+,Completed
UAT0472,Test Employee 472,Sales Executive,POS-2,T700,https://i.pravatar.cc/150?u=UAT0472,2013-03-15,1982-02-15,Unfit Employee,2.0,B,B,C,,0.41,K,B,B+,Ongoing
UAT0473,Test Employee 473,Sales Executive,POS-5,T000,https://i.pravatar.cc/150?u=UAT0473,2019-06-15,1978-03-15,,3.8,B,B,C,,0.76,C,B,B+,
UAT0474,Test Employee 474,Branch Manager,POS-4,T207,https://i.pravatar.cc/150?u=UAT0474,2016-05-15,1976-07-15,Strong Performer,4.8,B,B,C,,0.95,BS,B,B+,
UAT0475,Test Employee 475,Mechanic,POS-2,T000,,2018-05-15,1992-06-15,Candidate,3.0,B,B,C,,0.60,C+,B,B+,Completed
UAT0476,Test Employee 476,Sales Executive,POS-5,T700,https://i.pravatar.cc/150?u=UAT0476,2017-01-15,1995-07-15,Career Person,3.8,B,B,C,,0.75,C,B,B+,Completed
UAT0477,Test Employee 477,Service Advisor,POS-2,T000,https://i.pravatar.cc/150?u=UAT0477,2017-05-15,1980-03-15,Potential Candidate,3.5,B,B,C,,0.69,BS,B,B+,
UAT0478,Test Employee 478,Mechanic,POS-4,T207,https://i.pravatar.cc/150?u=UAT0478,2013-03-15,1991-05-15,Unfit Employee,2.5,B,B,C,,0.50,K,B,B+,Completed
UAT0479,Test Employee 479,Service Advisor,POS-3,T471,https://i.pravatar.cc/150?u=UAT0479,2013-01-15,1973-09-15,,3.6,B,B,C,,0.72,B,B,B+,
UAT0480,Test Employee 480,Mechanic,POS-1,T700,https://i.pravatar.cc/150?u=UAT0480,2014-01-15,1989-09-15,Strong Performer,4.9,B,B,C,,0.98,B+,B,B+,
UAT0481,Test Employee 481,Mechanic,POS-3,T000,https://i.pravatar.cc/150?u=UAT0481,2013-07-15,1981-01-15,Candidate,4.2,B,B,C,,0.84,B,B,B+,Not Started
UAT0482,Test Employee 482,Mechanic,POS-1,T207,https://i.pravatar.cc/150?u=UAT0482,2019-02-15,1972-06-15,Career Person,2.6,B,B,C,,0.53,,,,Not Started
UAT0483,Test Employee 483,Sales Executive,POS-4,T471,https://i.pravatar.cc/150?u=UAT0483,2017-04-15,1991-09-15,Potential Candidate,4.4,B,B,C,,0.88,K,B,B+,
UAT0484,Test Employee 484,Administration,POS-3,T700,https://i.pravatar.cc/150?u=UAT0484,2012-01-15,1995-01-15,Unfit Employee,2.3,B,B,C,,0.45,C+,B,B+,
UAT0485,Test Employee 485,Service Advisor,POS-5,T700,https://i.pravatar.cc/150?u=UAT0485,2011-03-15,1971-03-15,,3.1,B,B,C,,0.63,K,B,B+,
UAT0486,Test Employee 486,Mechanic,POS-5,T471,https://i.pravatar.cc/150?u=UAT0486,2013-05-15,1987-08-15,Strong Performer,4.8,B,B,C,,0.95,B+,B,B+,Ongoing
UAT0487,Test Employee 487,Mechanic,POS-1,T700,https://i.pravatar.cc/150?u=UAT0487,2019-01-15,1977-05-15,Candidate,2.5,B,B,C,,0.51,K,B,B+,
UAT0488,Test Employee 488,Mechanic,POS-4,T700,https://i.pravatar.cc/150?u=UAT0488,2017-09-15,1972-09-15,Career Person,2.8,B,B,C,,0.55,B,B,B+,Not Started
UAT0489,Test Employee 489,Administration,POS-4,T000,https://i.pravatar.cc/150?u=UAT0489,2013-07-15,1996-04-15,Potential Candidate,3.9,B,B,C,,0.78,C+,B,B+,Ongoing
UAT0490,Test Employee 490,Administration,POS-2,T207,https://i.pravatar.cc/150?u=UAT0490,2013-03-15,1992-03-15,Unfit Employee,2.4,B,B,C,,0.48,BS,B,B+,
UAT0491,Test Employee 491,Service Advisor,POS-4,T207,https://i.pravatar.cc/150?u=UAT0491,2014-03-15,1980-06-15,,4.6,B,B,C,,0.92,BS,B,B+,Completed
UAT0492,Test Employee 492,Sales Executive,POS-5,T471,https://i.pravatar.cc/150?u=UAT0492,2011-06-15,1975-04-15,Strong Performer,4.8,B,B,C,,0.96,B+,B,B+,Ongoing
UAT0493,Test Employee 493,Sales Executive,POS-3,T700,https://i.pravatar.cc/150?u=UAT0493,2017-05-15,1982-03-15,Candidate,4.1,B,B,C,,0.82,C+,B,B+,
UAT0494,Test Employee 494,Administration,POS-4,T000,https://i.pravatar.cc/150?u=UAT0494,2012-02-15,1986-09-15,Career Person,4.8,B,B,C,,0.95,B+,B,B+,Not Started
UAT0495,Test Employee 495,Service Advisor,POS-2,T000,https://i.pravatar.cc/150?u=UAT0495,2015-09-15,1974-02-15,Potential Candidate,4.5,B,B,C,,0.89,C+,B,B+,
UAT0496,Test Employee 496,Mechanic,POS-5,T000,https://i.pravatar.cc/150?u=UAT0496,2012-02-15,1986-07-15,Unfit Employee,2.5,B,B,C,,0.51,K,B,B+,Ongoing
UAT0497,Test Employee 497,Branch Manager,POS-4,T700,https://i.pravatar.cc/150?u=UAT0497,2019-01-15,1996-02-15,,4.7,B,B,C,,0.93,,,,Ongoing
UAT0498,Test Employee 498,Mechanic,POS-4,T207,https://i.pravatar.cc/150?u=UAT0498,2011-05-15,1988-03-15,Strong Performer,4.8,B,B,C,,0.95,BS,B,B+,Ongoing
UAT0499,Test Employee 499,Branch Manager,POS-5,T471,https://i.pravatar.cc/150?u=UAT0499,2011-03-15,1999-03-15,Candidate,3.5,B,B,C,,0.71,C,B,B+,Not Started
UAT0500,Test Employee 500,Service Advisor,POS-3,T207,,2014-05-15,1980-03-15,Career Person,,B,B,C,,,BS,B,B+,Completed